page,section,sl_no,item_description,quantity,unit,estimated_value_rs_crores,row_raw,source_pdf
1,Refineries,1,Vessels/Drums/Tanks,99,Nos.,108.06,Vessels/Drums/Tanks | 99 | Nos. | 108.06,Future_Procurement_Plan25-26.pdf
1,Refineries,3,Reactors,10,Nos.,240.00,Reactors | 10 | Nos. | 240.00,Future_Procurement_Plan25-26.pdf
1,Refineries,4,Column/Column Internals/Column Modification,22,Nos.,108.69,Column/Column Internals/Column Modification | 22 | Nos. | 108.69,Future_Procurement_Plan25-26.pdf
1,Refineries,5,Heat Ex/Air coolers/Fin Fan Coolers,130,Nos.,142.66,Heat Ex/Air coolers/Fin Fan Coolers | 130 | Nos. | 142.66,Future_Procurement_Plan25-26.pdf
1,Refineries,6,Filters,,Nos.,,Filters | - | Nos. | -,Future_Procurement_Plan25-26.pdf
1,Refineries,7,"Instrumentation items (DCS, PLC, Analyser,,sensors,, Flowmeter,Transmitter etc.)",100.00,LOT,,"Instrumentation items (DCS, PLC, Analyser,,sensors,, Flowmeter,Transmitter etc.) | LOT | LOT | 100.00",Future_Procurement_Plan25-26.pdf
1,Refineries,8,Instrument Cables,25.00,LOT,,Instrument Cables | LOT | LOT | 25.00,Future_Procurement_Plan25-26.pdf
1,Refineries,9,"Electrical Items (Transformer, Switchboard,Switch gears, HV/MV Boards,Motors,Hoist,PFIC Panel,VFD,Genset)",70.00,LOT,,"Electrical Items (Transformer, Switchboard,Switch gears, HV/MV Boards,Motors,Hoist,PFIC Panel,VFD,Genset) | LOT | LOT | 70.00",Future_Procurement_Plan25-26.pdf
1,Refineries,10,Electrical Cables,50.00,LOT,,Electrical Cables | LOT | LOT | 50.00,Future_Procurement_Plan25-26.pdf
1,Refineries,11,Compressors/Blowers/Fans,14,Nos.,180.00,Compressors/Blowers/Fans | 14 | Nos. | 180.00,Future_Procurement_Plan25-26.pdf
1,Refineries,12,Heaters & Stacks,2,Nos.,69.61,Heaters & Stacks | 2 | Nos. | 69.61,Future_Procurement_Plan25-26.pdf
1,Refineries,13,Bulk(Pipe/Fittings/Flanges/Valve),90.00,LOT,,Bulk(Pipe/Fittings/Flanges/Valve) | LOT | LOT | 90.00,Future_Procurement_Plan25-26.pdf
1,Refineries,14,"Package Items(HVAC,ETP,Refigeration,Cooling Tower,DI Guard,Chlorine Injection,Chemical Injection,Side Stream Filter,Ehylene BOG,TEG Barelling,Flare,Communication Mgmt Sytem,Nitrogen Cooling System,Control Monitoring System,Ambience Air Monitoring system,PCK metering Skid,Cathodic Protectin System,FDAS system,CCTV,Custody Transfer Metering Skid,Clean Agent System)",433.11,LOT,,"Package Items(HVAC,ETP,Refigeration,Cooling Tower,DI Guard,Chlorine Injection,Chemical Injection,Side Stream Filter,Ehylene BOG,TEG Barelling,Flare,Communication Mgmt Sytem,Nitrogen Cooling System,Control Monitoring System,Ambience Air Monitoring system,PCK metering Skid,Cathodic Protectin System,FDAS system,CCTV,Custody Transfer Metering Skid,Clean Agent System) | LOT | LOT | 433.11",Future_Procurement_Plan25-26.pdf
1,Refineries,15,"Fire Fighting system/equipment/package , Foam Concentrate, Manual & Remote Operated High Volume Longe Range Monitor with Accessories",40.00,LOT,,"Fire Fighting system/equipment/package , Foam Concentrate, Manual & Remote Operated High Volume Longe Range Monitor with Accessories | LOT | LOT | 40.00",Future_Procurement_Plan25-26.pdf
1,Refineries,16,Incinerator & Instr. Components,,Nos.,,Incinerator & Instr. Components | - | Nos. | -,Future_Procurement_Plan25-26.pdf
1,Refineries,17,"Mech items :EOT Crane,Forklift,Weigh Bridge,Industrial Lift,Belt &",,Nos.,,"Mech items :EOT Crane,Forklift,Weigh Bridge,Industrial Lift,Belt & | - | Nos. | -",Future_Procurement_Plan25-26.pdf
2,,18,Steam Turbine,,Nos.,,Steam Turbine | - | Nos. | -,Future_Procurement_Plan25-26.pdf
2,,19,Rotary Valves/Safety Valves/Control Valves/On-off Valves/Emergency Vent Valves/Shutdown Valves,,Nos.,,Rotary Valves/Safety Valves/Control Valves/On-off Valves/Emergency Vent Valves/Shutdown Valves | - | Nos. | -,Future_Procurement_Plan25-26.pdf
2,,20,Mixers & Agitators,,Nos.,,Mixers & Agitators | - | Nos. | -,Future_Procurement_Plan25-26.pdf
2,,21,Driers,,Nos.,,Driers | - | Nos. | -,Future_Procurement_Plan25-26.pdf
2,,22,Separators,,Nos.,,Separators | - | Nos. | -,Future_Procurement_Plan25-26.pdf
2,,23,Boiler,,Nos.,,Boiler | - | Nos. | -,Future_Procurement_Plan25-26.pdf
2,,24,Lab Equipment,,Nos.,,Lab Equipment | - | Nos. | -,Future_Procurement_Plan25-26.pdf
2,,25,Pig Launcher & Pig Receiver,,Nos.,,Pig Launcher & Pig Receiver | - | Nos. | -,Future_Procurement_Plan25-26.pdf
2,,26,Marine Loading Arm,,Nos.,,Marine Loading Arm | - | Nos. | -,Future_Procurement_Plan25-26.pdf
2,,27,Inert Ceramic balls,,LOT,,Inert Ceramic balls | - | LOT | -,Future_Procurement_Plan25-26.pdf
2,,28,Sample Coolers (PI) & Sample Bombs (PE),,Nos.,,Sample Coolers (PI) & Sample Bombs (PE) | - | Nos. | -,Future_Procurement_Plan25-26.pdf
2,,29,Mounded Bullet,,Nos.,,Mounded Bullet | - | Nos. | -,Future_Procurement_Plan25-26.pdf
2,,30,Spare Components (Compressor/Pumps/Feed Coalescer),,Nos.,,Spare Components (Compressor/Pumps/Feed Coalescer) | - | Nos. | -,Future_Procurement_Plan25-26.pdf
2,,31,Miscellaneous items (including FR approved project),692.25,LOT,,Miscellaneous items (including FR approved project) | LOT | LOT | 692.25,Future_Procurement_Plan25-26.pdf
2,,32,Desalter System,2,Set,20.00,Desalter System | 2 | Set | 20.00,Future_Procurement_Plan25-26.pdf
2,,33,Hybrid Vacuum Ejector Package,1,Package,69.00,Hybrid Vacuum Ejector Package | 1 | Package | 69.00,Future_Procurement_Plan25-26.pdf
2,,34,CENTRIFUGAL COMPRESSOR SPP,1,Nos.,70.00,CENTRIFUGAL COMPRESSOR SPP | 1 | Nos. | 70.00,Future_Procurement_Plan25-26.pdf
2,,35,"Steam turbine driven (single stream) Air Blower package (412- K-1001)' along with accessories, auxiliaries, control panel(s), all instrumentation and controls, mandatory spares, commissioning spares and special tools & tackles.",1,Nos.,160.00,"Steam turbine driven (single stream) Air Blower package (412- K-1001)' along with accessories, auxiliaries, control panel(s), all instrumentation and controls, mandatory spares, commissioning spares and special tools & tackles. | 1 | Nos. | 160.00",Future_Procurement_Plan25-26.pdf
2,,36,CLO Filter package,1,Package,59.00,CLO Filter package | 1 | Package | 59.00,Future_Procurement_Plan25-26.pdf
2,,37,Catalyst Metering Unit Package along with Catalyst transfer syringes,1,Package,12.00,Catalyst Metering Unit Package along with Catalyst transfer syringes | 1 | Package | 12.00,Future_Procurement_Plan25-26.pdf
2,,38,Slurry Pumps: Main Fractionator Bottom Pumps – 2 Nos. CLO Product Pumps – 2 Nos.,1,Package,53.10,Slurry Pumps: Main Fractionator Bottom Pumps – 2 Nos. CLO Product Pumps – 2 Nos. | 1 | Package | 53.10,Future_Procurement_Plan25-26.pdf
2,,39,Licensor selection for compounded HDPE Unit at Panipat,1,No.,195,Licensor selection for compounded HDPE Unit at Panipat | 1 | No. | 195,Future_Procurement_Plan25-26.pdf
2,,40,Bale Moisture Analyzer,1,No.,1.60,Bale Moisture Analyzer | 1 | No. | 1.60,Future_Procurement_Plan25-26.pdf
2,,41,Dewatering Screens,2,No.,2.14,Dewatering Screens | 2 | No. | 2.14,Future_Procurement_Plan25-26.pdf
2,,42,Bale Film wrapper,1,Package,9,Bale Film wrapper | 1 | Package | 9,Future_Procurement_Plan25-26.pdf
2,,43,Sulphur Pastillator And Handling System,1,Package,155,Sulphur Pastillator And Handling System | 1 | Package | 155,Future_Procurement_Plan25-26.pdf
2,,44,Baler Package,1,Package,82,Baler Package | 1 | Package | 82,Future_Procurement_Plan25-26.pdf
3,,45,Hydraulic Platform,1,Nos,15,Hydraulic Platform | 1 | Nos | 15,Future_Procurement_Plan25-26.pdf
3,,1,Pump Spares,51,Lot,,Pump Spares | Lot | 51,Future_Procurement_Plan25-26.pdf
3,,2,Mechanical Seal Spares,59,Lot,,Mechanical Seal Spares | Lot | 59,Future_Procurement_Plan25-26.pdf
3,,3,Bearings,5,Lot,,Bearings | Lot | 5,Future_Procurement_Plan25-26.pdf
3,,4,Turbine Spares,122,Lot,,Turbine Spares | Lot | 122,Future_Procurement_Plan25-26.pdf
3,,5,Steam Engine Spares,1,Lot,,Steam Engine Spares | Lot | 1,Future_Procurement_Plan25-26.pdf
3,,6,Furnace Spares,15,Lot,,Furnace Spares | Lot | 15,Future_Procurement_Plan25-26.pdf
3,,7,Compressor Spares,64,Lot,,Compressor Spares | Lot | 64,Future_Procurement_Plan25-26.pdf
3,,8,Fan & Blower Spares,7,Lot,,Fan & Blower Spares | Lot | 7,Future_Procurement_Plan25-26.pdf
3,,9,Agitator & Mixer Spares,2,Lot,,Agitator & Mixer Spares | Lot | 2,Future_Procurement_Plan25-26.pdf
3,,10,"ETP,LPG Plant Equipment Spares",12,Lot,,"ETP,LPG Plant Equipment Spares | Lot | 12",Future_Procurement_Plan25-26.pdf
3,,11,Air Conditioner Spares,2,Lot,,Air Conditioner Spares | Lot | 2,Future_Procurement_Plan25-26.pdf
3,,12,Heat Exchanger Spares,48,Lot,,Heat Exchanger Spares | Lot | 48,Future_Procurement_Plan25-26.pdf
3,,13,Column/ Reactor Spares,36,Lot,,Column/ Reactor Spares | Lot | 36,Future_Procurement_Plan25-26.pdf
3,,14,Pipe & Pipe Fittings,133,Lot,,Pipe & Pipe Fittings | Lot | 133,Future_Procurement_Plan25-26.pdf
3,,15,Gear Box Spares,9,Lot,,Gear Box Spares | Lot | 9,Future_Procurement_Plan25-26.pdf
3,,16,Motor Spares,4,Lot,,Motor Spares | Lot | 4,Future_Procurement_Plan25-26.pdf
3,,17,"Transformer, Battery, Switch Gear, Cable, Lamp etc. Spares",84,Lot,,"Transformer, Battery, Switch Gear, Cable, Lamp etc. Spares | Lot | 84",Future_Procurement_Plan25-26.pdf
3,,18,Liquid oxidation Catalyst for spent caustic regeneration,1.5,MT,2.18,Liquid oxidation Catalyst for spent caustic regeneration | 1.5 | MT | 2.18,Future_Procurement_Plan25-26.pdf
3,,19,"Anti Oxidant (AO 1010) Pentaerythritol tetrakis(3- (3,5-di-tert- butyl-4- hydroxyphenyl)propionate)",980,MT,38.24,"Anti Oxidant (AO 1010) Pentaerythritol tetrakis(3- (3,5-di-tert- butyl-4- hydroxyphenyl)propionate) | 980 | MT | 38.24",Future_Procurement_Plan25-26.pdf
3,,20,Anti Oxidant AO 168/ AO9,1565,MT,40,Anti Oxidant AO 168/ AO9 | 1565 | MT | 40,Future_Procurement_Plan25-26.pdf
3,,21,"AO1076 (Octadecyl β – (3,5-di- tert -butyl-4- hydroxy phenyl)- propionate",110,MT,4.35,"AO1076 (Octadecyl β – (3,5-di- tert -butyl-4- hydroxy phenyl)- propionate | 110 | MT | 4.35",Future_Procurement_Plan25-26.pdf
3,,22,ATF Merox Catalyst - Pre impregnated activated charcoal,36,,0.81,ATF Merox Catalyst - Pre impregnated activated charcoal | 36 | M3 | 0.81,Future_Procurement_Plan25-26.pdf
3,,23,Benzene hydrogenation catalyst for ISOM unit,2.1,MT,2.55,Benzene hydrogenation catalyst for ISOM unit | 2.1 | MT | 2.55,Future_Procurement_Plan25-26.pdf
3,,24,CAB catalyst,18,MT,2.98,CAB catalyst | 18 | MT | 2.98,Future_Procurement_Plan25-26.pdf
3,,25,CAB-2 catalyst (Blend of vanadium oxytrichloride & titanium tetrachloride 50/50),35,MT,5.25,CAB-2 catalyst (Blend of vanadium oxytrichloride & titanium tetrachloride 50/50) | 35 | MT | 5.25,Future_Procurement_Plan25-26.pdf
4,,26,Carbon Monoxide (CO) promoter catalyst additive for FCC Unit,16,MT,5.87,Carbon Monoxide (CO) promoter catalyst additive for FCC Unit | 16 | MT | 5.87,Future_Procurement_Plan25-26.pdf
4,,27,Catalyst for DCU LPG Merox Unit,547,,0.28,Catalyst for DCU LPG Merox Unit | 547 | L | 0.28,Future_Procurement_Plan25-26.pdf
4,,28,Hindered amine light stabilizer(HALS) - Chimassorb 944,9,MT,0.93,Hindered amine light stabilizer(HALS) - Chimassorb 944 | 9 | MT | 0.93,Future_Procurement_Plan25-26.pdf
4,,29,Claus Catalyst (Al based),151.2,,1.45,Claus Catalyst (Al based) | 151.2 | M3 | 1.45,Future_Procurement_Plan25-26.pdf
4,,30,Claus Catalyst charge for Sulphur Recovery Unit (SRU),22,,0.71,Claus Catalyst charge for Sulphur Recovery Unit (SRU) | 22 | M3 | 0.71,Future_Procurement_Plan25-26.pdf
4,,31,Chloride guard adsorbent for Continuous Catalytic Reforming Unit (CCRU) stabilizer feed,30.5,MT,0.9,Chloride guard adsorbent for Continuous Catalytic Reforming Unit (CCRU) stabilizer feed | 30.5 | MT | 0.9,Future_Procurement_Plan25-26.pdf
4,,32,2-Hydroxy-4-n- octoxybenzophenone (Cyasorb 531/ UV-1),6,MT,0.75,2-Hydroxy-4-n- octoxybenzophenone (Cyasorb 531/ UV-1) | 6 | MT | 0.75,Future_Procurement_Plan25-26.pdf
4,,33,Cyclo-Hexyl Methyl Methoxysilane (DONOR C),33,MT,3.35,Cyclo-Hexyl Methyl Methoxysilane (DONOR C) | 33 | MT | 3.35,Future_Procurement_Plan25-26.pdf
4,,34,Di-ICyclo-Pentyl-Di- Methoxy-Silane (DONOR D),3,MT,1.21,Di-ICyclo-Pentyl-Di- Methoxy-Silane (DONOR D) | 3 | MT | 1.21,Future_Procurement_Plan25-26.pdf
4,,35,Slip additives (Erucamide ),125,MT,5.34,Slip additives (Erucamide ) | 125 | MT | 5.34,Future_Procurement_Plan25-26.pdf
4,,36,Ethylene drying and CO2 removal bed (Adsorbant),8,MT,0.37,Ethylene drying and CO2 removal bed (Adsorbant) | 8 | MT | 0.37,Future_Procurement_Plan25-26.pdf
4,,37,Ethylene drying and CO2 removal bed (Foxed) for PP Unit,3,MT,0.43,Ethylene drying and CO2 removal bed (Foxed) for PP Unit | 3 | MT | 0.43,Future_Procurement_Plan25-26.pdf
4,,38,Fluidized Catalytic Cracking Catalyst,4435,MT,145.95,Fluidized Catalytic Cracking Catalyst | 4435 | MT | 145.95,Future_Procurement_Plan25-26.pdf
4,,39,Grease (VASELINE),27,MT,0.72,Grease (VASELINE) | 27 | MT | 0.72,Future_Procurement_Plan25-26.pdf
4,,40,Hydrotreating and Hydrocracking catalyst for Hydrocracking unit,320,MT,80.25,Hydrotreating and Hydrocracking catalyst for Hydrocracking unit | 320 | MT | 80.25,Future_Procurement_Plan25-26.pdf
4,,41,Hydrotreating Catalyst for DHDT unit,478,MT,80.4,Hydrotreating Catalyst for DHDT unit | 478 | MT | 80.4,Future_Procurement_Plan25-26.pdf
4,,42,"Chemicals, Catalyst & additives",24,MT,35,"Chemicals, Catalyst & additives | ISOM catalyst | 24 | MT | 35",Future_Procurement_Plan25-26.pdf
4,,43,Liquid oxidation Catalyst for spent caustic regeneration,1.59,MT,2.18,Liquid oxidation Catalyst for spent caustic regeneration | 1.59 | MT | 2.18,Future_Procurement_Plan25-26.pdf
4,,44,Low temp. hydrogenation catalyst (Tail Gas Treatment Unit),21.57,MT,1.77,Low temp. hydrogenation catalyst (Tail Gas Treatment Unit) | 21.57 | MT | 1.77,Future_Procurement_Plan25-26.pdf
4,,45,Molecular sieves-desiccant (sodium-potassium-alumino silicate),47.6,MT,1.25,Molecular sieves-desiccant (sodium-potassium-alumino silicate) | 47.6 | MT | 1.25,Future_Procurement_Plan25-26.pdf
4,,46,Optical brightener,1,MT,0.62,Optical brightener | 1 | MT | 0.62,Future_Procurement_Plan25-26.pdf
4,,47,"PEPQ (Phosphorous trichloride, reaction products with 1,1- biphenyl and 2,4-bis(1,1- dimethylethyl)phenol) (secondary antioxidant)",186,MT,19.80,"PEPQ (Phosphorous trichloride, reaction products with 1,1- biphenyl and 2,4-bis(1,1- dimethylethyl)phenol) (secondary antioxidant) | 186 | MT | 19.80",Future_Procurement_Plan25-26.pdf
4,,48,"Peroxide-101 (2, 5 Dimethyl-2,5-di (tert-butyl- peroxy) henaxe)",92,MT,8.91,"Peroxide-101 (2, 5 Dimethyl-2,5-di (tert-butyl- peroxy) henaxe) | 92 | MT | 8.91",Future_Procurement_Plan25-26.pdf
5,,49,PG/Pelargonic acid/ C8- C10 fatty acid,330,MT,9.5,PG/Pelargonic acid/ C8- C10 fatty acid | 330 | MT | 9.5,Future_Procurement_Plan25-26.pdf
5,,50,"PP Catalyst. A composition of Magnesium Chloride and 1,2 Benzenedicarboxylic acid, 1,2",7.5,MT,24.20,"PP Catalyst. A composition of Magnesium Chloride and 1,2 Benzenedicarboxylic acid, 1,2 | 7.5 | MT | 24.20",Future_Procurement_Plan25-26.pdf
5,,51,PPA (Polymer Processing Additive),40,MT,5.29,PPA (Polymer Processing Additive) | 40 | MT | 5.29,Future_Procurement_Plan25-26.pdf
5,,52,Propylene drying and CO2 removal bed for PP unit (Fixed bed),9,MT,0.24,Propylene drying and CO2 removal bed for PP unit (Fixed bed) | 9 | MT | 0.24,Future_Procurement_Plan25-26.pdf
5,,53,Silica gel-desiccant (Compound of Silicon dioxide),187,MT,4.30,Silica gel-desiccant (Compound of Silicon dioxide) | 187 | MT | 4.30,Future_Procurement_Plan25-26.pdf
5,,54,T Fuel & U-Fuel for analysis of Cetane number,3690,Ltr,0.955,T Fuel & U-Fuel for analysis of Cetane number | 3690 | Ltr | 0.955,Future_Procurement_Plan25-26.pdf
5,,55,UV stabilizer 622,150,MT,8.80,UV stabilizer 622 | 150 | MT | 8.80,Future_Procurement_Plan25-26.pdf
5,,56,ZN-180M (Avant CATALYST) or equivalent,240,Kg,0.75,ZN-180M (Avant CATALYST) or equivalent | 240 | Kg | 0.75,Future_Procurement_Plan25-26.pdf
5,,57,ZSM-5 catalyst,100,MT,8.74,ZSM-5 catalyst | 100 | MT | 8.74,Future_Procurement_Plan25-26.pdf
5,,58,Primary Reference Fuel (PRF) {ISO-Octane & n heptane},2840,Kg,0.41,Primary Reference Fuel (PRF) {ISO-Octane & n heptane} | 2840 | Kg | 0.41,Future_Procurement_Plan25-26.pdf
5,,59,ATF (Aviation Turbine fuel) Merox catalyst – Pre impregnated activated charcoal,36,,0.81,ATF (Aviation Turbine fuel) Merox catalyst – Pre impregnated activated charcoal | 36 | M3 | 0.81,Future_Procurement_Plan25-26.pdf
5,,60,DSTDP (distearyl thiodipropionate) - acts as a secondary antioxidant for PP polymers.,100,MT,3.54,DSTDP (distearyl thiodipropionate) - acts as a secondary antioxidant for PP polymers. | 100 | MT | 3.54,Future_Procurement_Plan25-26.pdf
5,,61,Speciality Grease - Mixture of higher paraffin hydrocarbon used as catalyst protection in Spheripol PP technology for production of Polypropylene.,15,MT,0.40,Speciality Grease - Mixture of higher paraffin hydrocarbon used as catalyst protection in Spheripol PP technology for production of Polypropylene. | 15 | MT | 0.40,Future_Procurement_Plan25-26.pdf
5,,62,Magnesium Aluminium Hydroxide Carbonate Hydrate (DHT 4A/Hycite 713 ) -used in reaction for acid scavenging in polymer production and processing systems.,100,MT,2.12,Magnesium Aluminium Hydroxide Carbonate Hydrate (DHT 4A/Hycite 713 ) -used in reaction for acid scavenging in polymer production and processing systems. | 100 | MT | 2.12,Future_Procurement_Plan25-26.pdf
5,,63,Alkyl Amine Ethoxylate ( ATMER 163 ) - for neutralization of Catalyst & Co catalyst and works as anti- static agent.,107,MT,5.31,Alkyl Amine Ethoxylate ( ATMER 163 ) - for neutralization of Catalyst & Co catalyst and works as anti- static agent. | 107 | MT | 5.31,Future_Procurement_Plan25-26.pdf
5,,64,"Anitoxidant AO 3114(1,3,5- Tris(3,5-di-tert-butyl-4- hydroxy benzyl)-s-triazine- 2,4,6-(1H,3H,5H)trione) - specialized vis- breaking chemical used for speci fic PP grade",28,MT,1.33,"Anitoxidant AO 3114(1,3,5- Tris(3,5-di-tert-butyl-4- hydroxy benzyl)-s-triazine- 2,4,6-(1H,3H,5H)trione) - specialized vis- breaking chemical used for speci fic PP grade | 28 | MT | 1.33",Future_Procurement_Plan25-26.pdf
5,,65,Non-Aromatic catalyst batch mineral oil (MINERAL OIL ) - used for diluting Donor in order to have better,70,MT,1.45,Non-Aromatic catalyst batch mineral oil (MINERAL OIL ) - used for diluting Donor in order to have better | 70 | MT | 1.45,Future_Procurement_Plan25-26.pdf
6,,66,HDPE consumable polymerization Catalyst - used for polymerization reaction for production of specific grade of High density polyethylene from Ethylene,8,MT,21.60,HDPE consumable polymerization Catalyst - used for polymerization reaction for production of specific grade of High density polyethylene from Ethylene | 8 | MT | 21.60,Future_Procurement_Plan25-26.pdf
6,,67,"Antioxidant (AO-1330 ) - prevents polymer from degradation caused by exposure to heat, ultraviolet radiation (UV) and mechanical shear",52,MT,5.42,"Antioxidant (AO-1330 ) - prevents polymer from degradation caused by exposure to heat, ultraviolet radiation (UV) and mechanical shear | 52 | MT | 5.42",Future_Procurement_Plan25-26.pdf
6,,68,"Desiccant for ethylene guard bed (Fixed bed for ethylene purification) - used for removal of Carbon monoxide, carbon dioxide, moisture from Ethylene feed in Swing unit to Ultra low levels.",63,MT,3.35,"Desiccant for ethylene guard bed (Fixed bed for ethylene purification) - used for removal of Carbon monoxide, carbon dioxide, moisture from Ethylene feed in Swing unit to Ultra low levels. | 63 | MT | 3.35",Future_Procurement_Plan25-26.pdf
6,,69,ST65692 (Biphenyl) - approved additive Packages required for manufacturing of Servo Duotherm S required at Panipat Refinery,60,MT,1.20,ST65692 (Biphenyl) - approved additive Packages required for manufacturing of Servo Duotherm S required at Panipat Refinery | 60 | MT | 1.20,Future_Procurement_Plan25-26.pdf
6,,70,Mixed Butylated Phenol Antioxidant (ST4064) - used in blending in many lubricants,87.3,MT,1.66,Mixed Butylated Phenol Antioxidant (ST4064) - used in blending in many lubricants | 87.3 | MT | 1.66,Future_Procurement_Plan25-26.pdf
6,,71,Hydrogenated Terphenyl (ST58606) -approved additive Packages required for manufacturing of Servotherm SHT 32 required by IOCL Refinery.,304,MT,9.09,Hydrogenated Terphenyl (ST58606) -approved additive Packages required for manufacturing of Servotherm SHT 32 required by IOCL Refinery. | 304 | MT | 9.09,Future_Procurement_Plan25-26.pdf
6,,73,Mechanical Stores,1,No,1.18,Mechanical Stores | Cast Air Preheater Module / Cast & Glass Air Preheater Modules / Glass Air Pre-Heater Modules | 1 | No | 1.18,Future_Procurement_Plan25-26.pdf
6,,74,Cutter Blades of Extruder,1600,No,2.19,Cutter Blades of Extruder | 1600 | No | 2.19,Future_Procurement_Plan25-26.pdf
6,,75,Hydrogen Tubular Reformer Catalyst Tubes,36,No,3.61,Hydrogen Tubular Reformer Catalyst Tubes | 36 | No | 3.61,Future_Procurement_Plan25-26.pdf
6,,76,Rotary Tight Shut off Valve,4,No,0.60,Rotary Tight Shut off Valve | 4 | No | 0.60,Future_Procurement_Plan25-26.pdf
6,,77,"Chemicals, Catalyst & additives",34.8,MT,1.27,"Chemicals, Catalyst & additives | CD (Di- ethyl aluminum chloride) | 34.8 | MT | 1.27",Future_Procurement_Plan25-26.pdf
6,,78,"Chemicals, Catalyst & additives",34.8,MT,2.97,"Chemicals, Catalyst & additives | CJ (Di- ethyl aluminum ethoxide) | 34.8 | MT | 2.97",Future_Procurement_Plan25-26.pdf
6,,79,"Chemicals, Catalyst & additives",1170,MT,34.5,"Chemicals, Catalyst & additives | Base FCC catalyst for INDMAX Unit. | 1170 | MT | 34.5",Future_Procurement_Plan25-26.pdf
6,,80,"Chemicals, Catalyst & additives",665,MT,22.90,"Chemicals, Catalyst & additives | DMDS | 665 | MT | 22.90",Future_Procurement_Plan25-26.pdf
6,,81,"Chemicals, Catalyst & additives",110,MT,10,"Chemicals, Catalyst & additives | RM 68 Master batch | 110 | MT | 10",Future_Procurement_Plan25-26.pdf
7,,82,"Chemicals, Catalyst & additives",700,MT,21,"Chemicals, Catalyst & additives | MIBK (METHYL ISOBUTYL KETONE) | 700 | MT | 21",Future_Procurement_Plan25-26.pdf
7,,83,"Chemicals, Catalyst & additives",555,Kg,0.79,"Chemicals, Catalyst & additives | Liquid oxidation catalyst for FCC Indmax Unit | 555 | Kg | 0.79",Future_Procurement_Plan25-26.pdf
7,,84,"Chemicals, Catalyst & additives",5364,MT,138.40,"Chemicals, Catalyst & additives | FCC Catalyst – Paradip Refinery | 5364 | MT | 138.40",Future_Procurement_Plan25-26.pdf
7,,85,"Chemicals, Catalyst & additives",56,MT,6.34,"Chemicals, Catalyst & additives | Hydro treating catalyst for DHDS Unit | 56 | MT | 6.34",Future_Procurement_Plan25-26.pdf
7,,86,ISO-Octane,48,MT,1.11,ISO-Octane | 48 | MT | 1.11,Future_Procurement_Plan25-26.pdf
7,,87,"Chemicals, Catalyst & additives",205,MT,5.92,"Chemicals, Catalyst & additives | Mineral Oil (White Oil) | 205 | MT | 5.92",Future_Procurement_Plan25-26.pdf
7,,88,"Chemicals, Catalyst & additives",14400,MT,66.29,"Chemicals, Catalyst & additives | Methanol | 14400 | MT | 66.29",Future_Procurement_Plan25-26.pdf
7,,89,"Chemicals, Catalyst & additives",7.5,MT,26.15,"Chemicals, Catalyst & additives | Poly Propylene Catalyst | 7.5 | MT | 26.15",Future_Procurement_Plan25-26.pdf
7,,90,"Chemicals, Catalyst & additives",220,MT,11.53,"Chemicals, Catalyst & additives | PD/ 2,4 Pentane dione | 220 | MT | 11.53",Future_Procurement_Plan25-26.pdf
7,,91,Service,2,No.,0.70,Service | Assay analysis of Fresh & Spent catalyst | 2 | No. | 0.70,Future_Procurement_Plan25-26.pdf
7,,92,"Chemicals, Catalyst & additives",732.6,,199.2,"Chemicals, Catalyst & additives | OHCU Catalysts | 732.6 | M3 | 199.2",Future_Procurement_Plan25-26.pdf
7,,93,Equipment,1,Set,13.42,Equipment | Radiant Coil for SRT Heater | 1 | Set | 13.42,Future_Procurement_Plan25-26.pdf
7,,94,"Chemicals, Catalyst & additives",441,MT,5.82,"Chemicals, Catalyst & additives | Silica MB | 441 | MT | 5.82",Future_Procurement_Plan25-26.pdf
7,,95,"Chemicals, Catalyst & additives",5600,MT,190,"Chemicals, Catalyst & additives | RFCCU catalyst | 5600 | MT | 190",Future_Procurement_Plan25-26.pdf
7,,96,"Chemicals, Catalyst & additives",13.578,MT,8.5,"Chemicals, Catalyst & additives | Static Dissipater Additive | 13.578 | MT | 8.5",Future_Procurement_Plan25-26.pdf
7,,97,"Chemicals, Catalyst & additives",50,MT,9.0,"Chemicals, Catalyst & additives | Nucleating Agent (HPNA) | 50 | MT | 9.0",Future_Procurement_Plan25-26.pdf
7,,98,"Chemicals, Catalyst & additives",18,MT,0.79,"Chemicals, Catalyst & additives | Mono 2 Ethyl Hexyl Amine | 18 | MT | 0.79",Future_Procurement_Plan25-26.pdf
7,,99,"Chemicals, Catalyst & additives",9.8,MT,14.24,"Chemicals, Catalyst & additives | CRU Catalyst | 9.8 | MT | 14.24",Future_Procurement_Plan25-26.pdf
7,,100,"Chemicals, Catalyst & additives",1.60,MT,,"Chemicals, Catalyst & additives | Claus Catalyst | 125.7 m3 | MT | 1.60",Future_Procurement_Plan25-26.pdf
7,,101,Information technology,1,No.,3.75,Information technology | Process simulation software | 1 | No. | 3.75,Future_Procurement_Plan25-26.pdf
10,,5,425 KG Cylinders,2000,Nos.,13.17,425 KG Cylinders | 2000 | Nos. | 13.17,Future_Procurement_Plan25-26.pdf
10,,6,Pressure Regulators,4000000,Nos.,57.95,Pressure Regulators | 4000000 | Nos. | 57.95,Future_Procurement_Plan25-26.pdf
10,,1,Synthetic base oil Poly alfa olefin 6 CST,500,MT,13.24,Synthetic base oil Poly alfa olefin 6 CST | 500 | MT | 13.24,Future_Procurement_Plan25-26.pdf
10,,2,ST5014 (Lithium Hydroxide,300,MT,18.09,ST5014 (Lithium Hydroxide | 300 | MT | 18.09,Future_Procurement_Plan25-26.pdf
11,,3,ST56058 (PIB 1000),2247,MT,24.01,ST56058 (PIB 1000) | 2247 | MT | 24.01,Future_Procurement_Plan25-26.pdf
11,,4,"Synthetic base oil Poly alfa olefin 100 CST, PAO 100(ST 55580)",228.5,MT,8.58,"Synthetic base oil Poly alfa olefin 100 CST, PAO 100(ST 55580) | 228.5 | MT | 8.58",Future_Procurement_Plan25-26.pdf
11,,5,PIB of higher molecular wt.(ST 56032/ST 56036),264,MT,4.21,PIB of higher molecular wt.(ST 56032/ST 56036) | 264 | MT | 4.21,Future_Procurement_Plan25-26.pdf
11,,6,"Synthetic base oil Poly alfa olefin 4 CST, PAO 40(ST 55578)",275.63,MT,9.85,"Synthetic base oil Poly alfa olefin 4 CST, PAO 40(ST 55578) | 275.63 | MT | 9.85",Future_Procurement_Plan25-26.pdf
11,,1,Marine Hoses,179,Nos.,65.37,Marine Hoses | 179 | Nos. | 65.37,Future_Procurement_Plan25-26.pdf
12,Capex Procurement Projected,1,Vessels/Drums/Tanks,,Nos.,,Vessels/Drums/Tanks | - | Nos. | -,Future_Procurement_Plan25-26.pdf
12,Capex Procurement Projected,3,Reactors,,Nos.,,Reactors | - | Nos. | -,Future_Procurement_Plan25-26.pdf
12,Capex Procurement Projected,4,Column/Column Internals/Column Modification,,Nos.,,Column/Column Internals/Column Modification | - | Nos. | -,Future_Procurement_Plan25-26.pdf
12,Capex Procurement Projected,5,Heat Ex/Air coolers/Fin Fan Coolers,,Nos.,,Heat Ex/Air coolers/Fin Fan Coolers | - | Nos. | -,Future_Procurement_Plan25-26.pdf
12,Capex Procurement Projected,6,Filters,,Nos.,,Filters | - | Nos. | -,Future_Procurement_Plan25-26.pdf
12,Capex Procurement Projected,7,"Instrumentation items (DCS, PLC, Analyser,,sensors,, Flowmeter,Transmitter etc.)",40.00,LOT,,"Instrumentation items (DCS, PLC, Analyser,,sensors,, Flowmeter,Transmitter etc.) | LOT | LOT | 40.00",Future_Procurement_Plan25-26.pdf
12,Capex Procurement Projected,8,Instrument Cables,10.00,LOT,,Instrument Cables | LOT | LOT | 10.00,Future_Procurement_Plan25-26.pdf
12,Capex Procurement Projected,9,"Electrical Items (Transformer, Switchboard,Switch gears, HV/MV Boards,Motors,Hoist,PFIC Panel,VFD,Genset)",,LOT,,"Electrical Items (Transformer, Switchboard,Switch gears, HV/MV Boards,Motors,Hoist,PFIC Panel,VFD,Genset) | - | LOT | -",Future_Procurement_Plan25-26.pdf
12,Capex Procurement Projected,10,Electrical Cables,5.00,LOT,,Electrical Cables | LOT | LOT | 5.00,Future_Procurement_Plan25-26.pdf
12,Capex Procurement Projected,11,Compressors/Blowers/Fans,,Nos.,,Compressors/Blowers/Fans | - | Nos. | -,Future_Procurement_Plan25-26.pdf
12,Capex Procurement Projected,12,Heaters & Stacks,,Nos.,,Heaters & Stacks | - | Nos. | -,Future_Procurement_Plan25-26.pdf
12,Capex Procurement Projected,13,Bulk(Pipe/Fittings/Flanges/Valve),30.00,LOT,,Bulk(Pipe/Fittings/Flanges/Valve) | LOT | LOT | 30.00,Future_Procurement_Plan25-26.pdf
12,Capex Procurement Projected,14,"Package Items(HVAC,ETP,Refigeration,Cooling Tower,DI Guard,Chlorine Injection,Chemical Injection,Side Stream Filter,Ehylene BOG,TEG Barelling,Flare,Communication Mgmt Sytem,Nitrogen Cooling System,Control Monitoring System,Ambience Air Monitoring system,PCK metering Skid,Cathodic Protectin System,FDAS system,CCTV,Custody Transfer Metering Skid,Clean Agent System)",150.00,LOT,,"Package Items(HVAC,ETP,Refigeration,Cooling Tower,DI Guard,Chlorine Injection,Chemical Injection,Side Stream Filter,Ehylene BOG,TEG Barelling,Flare,Communication Mgmt Sytem,Nitrogen Cooling System,Control Monitoring System,Ambience Air Monitoring system,PCK metering Skid,Cathodic Protectin System,FDAS system,CCTV,Custody Transfer Metering Skid,Clean Agent System) | LOT | LOT | 150.00",Future_Procurement_Plan25-26.pdf
12,Capex Procurement Projected,15,"Fire Fighting system/equipment/package , Foam Concentrate, Manual & Remote Operated High Volume Longe Range Monitor with Accessories",20.00,LOT,,"Fire Fighting system/equipment/package , Foam Concentrate, Manual & Remote Operated High Volume Longe Range Monitor with Accessories | LOT | LOT | 20.00",Future_Procurement_Plan25-26.pdf
12,Capex Procurement Projected,16,Incinerator & Instr. Components,,Nos.,,Incinerator & Instr. Components | - | Nos. | -,Future_Procurement_Plan25-26.pdf
12,Capex Procurement Projected,17,"Mech items :EOT Crane,Forklift,Weigh Bridge,Industrial Lift,Belt & Screw conveyors/Dock leveller",,Nos.,,"Mech items :EOT Crane,Forklift,Weigh Bridge,Industrial Lift,Belt & Screw conveyors/Dock leveller | - | Nos. | -",Future_Procurement_Plan25-26.pdf
12,Capex Procurement Projected,18,Steam Turbine,,Nos.,,Steam Turbine | - | Nos. | -,Future_Procurement_Plan25-26.pdf
12,Capex Procurement Projected,19,Rotary Valves/Safety Valves/Control Valves/On-off Valves/Emergency Vent Valves/Shutdown Valves,,Nos.,,Rotary Valves/Safety Valves/Control Valves/On-off Valves/Emergency Vent Valves/Shutdown Valves | - | Nos. | -,Future_Procurement_Plan25-26.pdf
12,Capex Procurement Projected,20,Mixers & Agitators,,Nos.,,Mixers & Agitators | - | Nos. | -,Future_Procurement_Plan25-26.pdf
12,Capex Procurement Projected,21,Driers,,Nos.,,Driers | - | Nos. | -,Future_Procurement_Plan25-26.pdf
12,Capex Procurement Projected,22,Separators,,Nos.,,Separators | - | Nos. | -,Future_Procurement_Plan25-26.pdf
12,Capex Procurement Projected,23,Boiler,,Nos.,,Boiler | - | Nos. | -,Future_Procurement_Plan25-26.pdf
12,Capex Procurement Projected,24,Lab Equipment,,Nos.,,Lab Equipment | - | Nos. | -,Future_Procurement_Plan25-26.pdf
12,Capex Procurement Projected,25,Pig Launcher & Pig Receiver,,Nos.,,Pig Launcher & Pig Receiver | - | Nos. | -,Future_Procurement_Plan25-26.pdf
12,Capex Procurement Projected,26,Marine Loading Arm,,Nos.,,Marine Loading Arm | - | Nos. | -,Future_Procurement_Plan25-26.pdf
12,Capex Procurement Projected,27,Inert Ceramic balls,,LOT,,Inert Ceramic balls | - | LOT | -,Future_Procurement_Plan25-26.pdf
13,,28,Sample Coolers (PI) & Sample Bombs (PE),,Nos.,,Sample Coolers (PI) & Sample Bombs (PE) | - | Nos. | -,Future_Procurement_Plan25-26.pdf
13,,29,Mounded Bullet,,Nos.,,Mounded Bullet | - | Nos. | -,Future_Procurement_Plan25-26.pdf
13,,30,Spare Components (Compressor/Pumps/Feed Coalescer),,LOT,,Spare Components (Compressor/Pumps/Feed Coalescer) | - | LOT | -,Future_Procurement_Plan25-26.pdf
13,,31,Miscellaneous items (including FR approved project),176.75,LOT,,Miscellaneous items (including FR approved project) | LOT | LOT | 176.75,Future_Procurement_Plan25-26.pdf
13,,1,Pump Spares,52,Lot,,Pump Spares | Lot | 52,Future_Procurement_Plan25-26.pdf
13,,2,Mechanical Seal Spares,61,Lot,,Mechanical Seal Spares | Lot | 61,Future_Procurement_Plan25-26.pdf
13,,3,Bearings,5,Lot,,Bearings | Lot | 5,Future_Procurement_Plan25-26.pdf
13,,4,Turbine Spares,125,Lot,,Turbine Spares | Lot | 125,Future_Procurement_Plan25-26.pdf
13,,5,Steam Engine Spares,1,Lot,,Steam Engine Spares | Lot | 1,Future_Procurement_Plan25-26.pdf
13,,6,Furnace Spares,15,Lot,,Furnace Spares | Lot | 15,Future_Procurement_Plan25-26.pdf
13,,7,Compressor Spares,65,Lot,,Compressor Spares | Lot | 65,Future_Procurement_Plan25-26.pdf
13,,8,Fan & Blower Spares,7,Lot,,Fan & Blower Spares | Lot | 7,Future_Procurement_Plan25-26.pdf
13,,9,Agitator & Mixer Spares,2,Lot,,Agitator & Mixer Spares | Lot | 2,Future_Procurement_Plan25-26.pdf
13,,10,"ETP,LPG Plant Equipment Spares",13,Lot,,"ETP,LPG Plant Equipment Spares | Lot | 13",Future_Procurement_Plan25-26.pdf
13,,11,Air Conditioner Spares,2,Lot,,Air Conditioner Spares | Lot | 2,Future_Procurement_Plan25-26.pdf
13,,12,Heat Exchanger Spares,49,Lot,,Heat Exchanger Spares | Lot | 49,Future_Procurement_Plan25-26.pdf
13,,13,Column/ Reactor Spares,37,Lot,,Column/ Reactor Spares | Lot | 37,Future_Procurement_Plan25-26.pdf
13,,14,Pipe & Pipe Fittings,137,Lot,,Pipe & Pipe Fittings | Lot | 137,Future_Procurement_Plan25-26.pdf
13,,15,Gear Box Spares,10,Lot,,Gear Box Spares | Lot | 10,Future_Procurement_Plan25-26.pdf
13,,16,Motor Spares,4,Lot,,Motor Spares | Lot | 4,Future_Procurement_Plan25-26.pdf
13,,17,"Transformer, Battery, Switch Gear, Cable, Lamp etc. Spares",86,Lot,,"Transformer, Battery, Switch Gear, Cable, Lamp etc. Spares | Lot | 86",Future_Procurement_Plan25-26.pdf
13,,18,Liquid oxidation Catalyst for spent caustic regeneration,1.5,MT,2.18,Liquid oxidation Catalyst for spent caustic regeneration | 1.5 | MT | 2.18,Future_Procurement_Plan25-26.pdf
13,,19,"Anti Oxidant (AO 1010) Pentaerythritol tetrakis(3- (3,5-di-tert- butyl-4- hydroxyphenyl)propionat e)",980,MT,40.15,"Anti Oxidant (AO 1010) Pentaerythritol tetrakis(3- (3,5-di-tert- butyl-4- hydroxyphenyl)propionat e) | 980 | MT | 40.15",Future_Procurement_Plan25-26.pdf
13,,20,Anti Oxidant AO 168/ AO9,1565,MT,42,Anti Oxidant AO 168/ AO9 | 1565 | MT | 42,Future_Procurement_Plan25-26.pdf
13,,21,"AO1076 (Octadecyl β – (3,5-di- tert -butyl-4- hydroxy phenyl)- propionate",110,MT,4.57,"AO1076 (Octadecyl β – (3,5-di- tert -butyl-4- hydroxy phenyl)- propionate | 110 | MT | 4.57",Future_Procurement_Plan25-26.pdf
13,,22,ATF Merox Catalyst - Pre impregnated activated charcoal,36,,0.81,ATF Merox Catalyst - Pre impregnated activated charcoal | 36 | M3 | 0.81,Future_Procurement_Plan25-26.pdf
13,,23,Benzene hydrogenation catalyst for ISOM unit,2.1,MT,2.55,Benzene hydrogenation catalyst for ISOM unit | 2.1 | MT | 2.55,Future_Procurement_Plan25-26.pdf
13,,24,CAB catalyst,18,MT,3.13,CAB catalyst | 18 | MT | 3.13,Future_Procurement_Plan25-26.pdf
13,,25,CAB-2 catalyst (Blend of vanadium oxytrichloride & titanium tetrachloride 50/50),35,MT,5.51,CAB-2 catalyst (Blend of vanadium oxytrichloride & titanium tetrachloride 50/50) | 35 | MT | 5.51,Future_Procurement_Plan25-26.pdf
13,,26,Carbon Monoxide (CO) promoter catalyst additive for FCC Unit,16,MT,5.87,Carbon Monoxide (CO) promoter catalyst additive for FCC Unit | 16 | MT | 5.87,Future_Procurement_Plan25-26.pdf
13,,27,Catalyst for DCU LPG Merox Unit,547,,0.28,Catalyst for DCU LPG Merox Unit | 547 | L | 0.28,Future_Procurement_Plan25-26.pdf
13,,28,Hindered amine light stabilizer(HALS) -,9,MT,0.93,Hindered amine light stabilizer(HALS) - | 9 | MT | 0.93,Future_Procurement_Plan25-26.pdf
14,,29,Claus Catalyst (Al based),151.2,,1.45,Claus Catalyst (Al based) | 151.2 | M3 | 1.45,Future_Procurement_Plan25-26.pdf
14,,30,Claus Catalyst charge for Sulphur Recovery Unit (SRU),22,,0.71,Claus Catalyst charge for Sulphur Recovery Unit (SRU) | 22 | M3 | 0.71,Future_Procurement_Plan25-26.pdf
14,,31,Chloride guard adsorbent for Continuous Catalytic Reforming Unit (CCRU) stabilizer feed,30.5,MT,0.9,Chloride guard adsorbent for Continuous Catalytic Reforming Unit (CCRU) stabilizer feed | 30.5 | MT | 0.9,Future_Procurement_Plan25-26.pdf
14,,32,2-Hydroxy-4-n- octoxybenzophenone (Cyasorb 531/ UV-1),6,MT,0.75,2-Hydroxy-4-n- octoxybenzophenone (Cyasorb 531/ UV-1) | 6 | MT | 0.75,Future_Procurement_Plan25-26.pdf
14,,33,Cyclo-Hexyl Methyl Methoxysilane (DONOR C),33,MT,3.52,Cyclo-Hexyl Methyl Methoxysilane (DONOR C) | 33 | MT | 3.52,Future_Procurement_Plan25-26.pdf
14,,34,Di-ICyclo-Pentyl-Di- Methoxy-Silane (DONOR D),3,MT,1.21,Di-ICyclo-Pentyl-Di- Methoxy-Silane (DONOR D) | 3 | MT | 1.21,Future_Procurement_Plan25-26.pdf
14,,35,Slip additives (Erucamide ),125,MT,5.61,Slip additives (Erucamide ) | 125 | MT | 5.61,Future_Procurement_Plan25-26.pdf
14,,36,Ethylene drying and CO2 removal bed (Adsorbant),8,MT,0.37,Ethylene drying and CO2 removal bed (Adsorbant) | 8 | MT | 0.37,Future_Procurement_Plan25-26.pdf
14,,37,Ethylene drying and CO2 removal bed (Foxed) for PP Unit,3,MT,0.43,Ethylene drying and CO2 removal bed (Foxed) for PP Unit | 3 | MT | 0.43,Future_Procurement_Plan25-26.pdf
14,,38,Fluidized Catalytic Cracking Catalyst,4435,MT,153.25,Fluidized Catalytic Cracking Catalyst | 4435 | MT | 153.25,Future_Procurement_Plan25-26.pdf
14,,39,Grease (VASELINE),27,MT,0.72,Grease (VASELINE) | 27 | MT | 0.72,Future_Procurement_Plan25-26.pdf
14,,40,Hydrotreating and Hydrocracking catalyst for Hydrocracking unit,320,MT,80.25,Hydrotreating and Hydrocracking catalyst for Hydrocracking unit | 320 | MT | 80.25,Future_Procurement_Plan25-26.pdf
14,,41,Hydrotreating Catalyst for DHDT unit,478,MT,80.4,Hydrotreating Catalyst for DHDT unit | 478 | MT | 80.4,Future_Procurement_Plan25-26.pdf
14,,42,ISOM catalyst,24,MT,35,ISOM catalyst | 24 | MT | 35,Future_Procurement_Plan25-26.pdf
14,,43,Liquid oxidation Catalyst for spent caustic regeneration,1.59,MT,2.18,Liquid oxidation Catalyst for spent caustic regeneration | 1.59 | MT | 2.18,Future_Procurement_Plan25-26.pdf
14,,44,Low temp. hydrogenation catalyst (Tail Gas Treatment Unit),21.57,MT,1.77,Low temp. hydrogenation catalyst (Tail Gas Treatment Unit) | 21.57 | MT | 1.77,Future_Procurement_Plan25-26.pdf
14,,45,Molecular sieves-desiccant (sodium-potassium- alumino silicate),47.6,MT,1.25,Molecular sieves-desiccant (sodium-potassium- alumino silicate) | 47.6 | MT | 1.25,Future_Procurement_Plan25-26.pdf
14,,46,Optical brightener,1,MT,0.62,Optical brightener | 1 | MT | 0.62,Future_Procurement_Plan25-26.pdf
14,,47,"PEPQ (Phosphorous trichloride, reaction products with 1,1-biphenyl and 2,4- bis(1,1- dimethylethyl)phenol) (secondary antioxidant)",186,MT,19.80,"PEPQ (Phosphorous trichloride, reaction products with 1,1-biphenyl and 2,4- bis(1,1- dimethylethyl)phenol) (secondary antioxidant) | 186 | MT | 19.80",Future_Procurement_Plan25-26.pdf
14,,48,"Peroxide-101 (2, 5 Dimethyl-2,5-di (tert- butyl-peroxy) henaxe)",92,MT,8.91,"Peroxide-101 (2, 5 Dimethyl-2,5-di (tert- butyl-peroxy) henaxe) | 92 | MT | 8.91",Future_Procurement_Plan25-26.pdf
14,,49,PG/Pelargonic acid/ C8- C10 fatty acid,330,MT,9.5,PG/Pelargonic acid/ C8- C10 fatty acid | 330 | MT | 9.5,Future_Procurement_Plan25-26.pdf
14,,50,"PP Catalyst. A composition of Magnesium Chloride and 1,2 Benzenedicarboxylic acid, 1,2",7.5,MT,24.20,"PP Catalyst. A composition of Magnesium Chloride and 1,2 Benzenedicarboxylic acid, 1,2 | 7.5 | MT | 24.20",Future_Procurement_Plan25-26.pdf
15,,51,PPA (Polymer Processing Additive),40,MT,5.29,PPA (Polymer Processing Additive) | 40 | MT | 5.29,Future_Procurement_Plan25-26.pdf
15,,52,Propylene drying and CO2 removal bed for PP unit (Fixed bed),9,MT,0.24,Propylene drying and CO2 removal bed for PP unit (Fixed bed) | 9 | MT | 0.24,Future_Procurement_Plan25-26.pdf
15,,53,Silica gel-desiccant (Compound of Silicon dioxide),187,MT,4.30,Silica gel-desiccant (Compound of Silicon dioxide) | 187 | MT | 4.30,Future_Procurement_Plan25-26.pdf
15,,54,T Fuel & U-Fuel for analysis of Cetane number,3690,Ltr,1.003,T Fuel & U-Fuel for analysis of Cetane number | 3690 | Ltr | 1.003,Future_Procurement_Plan25-26.pdf
15,,55,UV stabilizer 622,150,MT,8.80,UV stabilizer 622 | 150 | MT | 8.80,Future_Procurement_Plan25-26.pdf
15,,56,ZN-180M (Avant CATALYST) or equivalent,240,Kg,0.75,ZN-180M (Avant CATALYST) or equivalent | 240 | Kg | 0.75,Future_Procurement_Plan25-26.pdf
15,,57,ZSM-5 catalyst,100,MT,8.74,ZSM-5 catalyst | 100 | MT | 8.74,Future_Procurement_Plan25-26.pdf
15,,58,Primary Reference Fuel (PRF) {ISO-Octane & n heptane},2840,Kg,0.44,Primary Reference Fuel (PRF) {ISO-Octane & n heptane} | 2840 | Kg | 0.44,Future_Procurement_Plan25-26.pdf
15,,59,ATF (Aviation Turbine fuel) Merox catalyst – Pre impregnated activated charcoal,36,,0.81,ATF (Aviation Turbine fuel) Merox catalyst – Pre impregnated activated charcoal | 36 | M3 | 0.81,Future_Procurement_Plan25-26.pdf
15,,60,DSTDP (distearyl thiodipropionate) - acts as a secondary antioxidant for PP polymers.,100,MT,3.72,DSTDP (distearyl thiodipropionate) - acts as a secondary antioxidant for PP polymers. | 100 | MT | 3.72,Future_Procurement_Plan25-26.pdf
15,,61,Speciality Grease - Mixture of higher paraffin hydrocarbon used as catalyst protection in Spheripol PP technology for production of Polypropylene.,15,MT,0.40,Speciality Grease - Mixture of higher paraffin hydrocarbon used as catalyst protection in Spheripol PP technology for production of Polypropylene. | 15 | MT | 0.40,Future_Procurement_Plan25-26.pdf
15,,62,Magnesium Aluminium Hydroxide Carbonate Hydrate (DHT 4A/Hycite 713 ) -used in reaction for acid scavenging in polymer production and processing systems.,100,MT,2.22,Magnesium Aluminium Hydroxide Carbonate Hydrate (DHT 4A/Hycite 713 ) -used in reaction for acid scavenging in polymer production and processing systems. | 100 | MT | 2.22,Future_Procurement_Plan25-26.pdf
15,,63,Alkyl Amine Ethoxylate ( ATMER 163 ) - for neutralization of Catalyst & Co catalyst and works as anti- static agent.,107,MT,5.58,Alkyl Amine Ethoxylate ( ATMER 163 ) - for neutralization of Catalyst & Co catalyst and works as anti- static agent. | 107 | MT | 5.58,Future_Procurement_Plan25-26.pdf
15,,64,"Anitoxidant AO 3114(1,3,5-Tris(3,5-di- tert-butyl-4-hydroxy benzyl)-s-triazine-2,4,6- (1H,3H,5H)trione) - specialized vis- breaking chemical used for speci fic PP grade",28,MT,1.33,"Anitoxidant AO 3114(1,3,5-Tris(3,5-di- tert-butyl-4-hydroxy benzyl)-s-triazine-2,4,6- (1H,3H,5H)trione) - specialized vis- breaking chemical used for speci fic PP grade | 28 | MT | 1.33",Future_Procurement_Plan25-26.pdf
15,,65,Non-Aromatic catalyst batch mineral oil (MINERAL OIL ) - used for diluting Donor in order to have better accuracy of the flow measure and also used for flushi ng in TEAL,70,MT,1.45,Non-Aromatic catalyst batch mineral oil (MINERAL OIL ) - used for diluting Donor in order to have better accuracy of the flow measure and also used for flushi ng in TEAL | 70 | MT | 1.45,Future_Procurement_Plan25-26.pdf
16,,66,HDPE consumable polymerization Catalyst - used for polymerization reaction for production of specific grade of High density polyethylene from Ethylene,8,MT,21.60,HDPE consumable polymerization Catalyst - used for polymerization reaction for production of specific grade of High density polyethylene from Ethylene | 8 | MT | 21.60,Future_Procurement_Plan25-26.pdf
16,,67,"Antioxidant (AO-1330 ) - prevents polymer from degradation caused by exposure to heat, ultraviolet radiation (UV) and mechanical shear",52,MT,5.70,"Antioxidant (AO-1330 ) - prevents polymer from degradation caused by exposure to heat, ultraviolet radiation (UV) and mechanical shear | 52 | MT | 5.70",Future_Procurement_Plan25-26.pdf
16,,68,"Desiccant for ethylene guard bed (Fixed bed for ethylene purification) - used for removal of Carbon monoxide, carbon dioxide, moisture from Ethylene feed in Swing unit to Ultra low levels.",63,MT,3.35,"Desiccant for ethylene guard bed (Fixed bed for ethylene purification) - used for removal of Carbon monoxide, carbon dioxide, moisture from Ethylene feed in Swing unit to Ultra low levels. | 63 | MT | 3.35",Future_Procurement_Plan25-26.pdf
16,,69,ST65692 (Biphenyl) - approved additive Packages required for manufacturing of Servo Duotherm S required at Panipat Refinery,60,MT,1.20,ST65692 (Biphenyl) - approved additive Packages required for manufacturing of Servo Duotherm S required at Panipat Refinery | 60 | MT | 1.20,Future_Procurement_Plan25-26.pdf
16,,70,Mixed Butylated Phenol Antioxidant (ST4064) - used in blending in many lubricants,87.3,MT,1.66,Mixed Butylated Phenol Antioxidant (ST4064) - used in blending in many lubricants | 87.3 | MT | 1.66,Future_Procurement_Plan25-26.pdf
16,,71,Hydrogenated Terphenyl (ST58606) -approved additive Packages required for manufacturing of Servotherm SHT 32 required by IOCL Refinery.,304,MT,9.09,Hydrogenated Terphenyl (ST58606) -approved additive Packages required for manufacturing of Servotherm SHT 32 required by IOCL Refinery. | 304 | MT | 9.09,Future_Procurement_Plan25-26.pdf
16,,73,Mechanical Stores,1,No,1.18,Mechanical Stores | Cast Air Preheater Module / Cast & Glass Air Preheater Modules / Glass Air Pre-Heater Modules | 1 | No | 1.18,Future_Procurement_Plan25-26.pdf
16,,74,Cutter Blades of Extruder,1600,No,2.19,Cutter Blades of Extruder | 1600 | No | 2.19,Future_Procurement_Plan25-26.pdf
16,,75,Hydrogen Tubular Reformer Catalyst Tubes,36,No,3.61,Hydrogen Tubular Reformer Catalyst Tubes | 36 | No | 3.61,Future_Procurement_Plan25-26.pdf
16,,76,Rotary Tight Shut off Valve,4,No,0.60,Rotary Tight Shut off Valve | 4 | No | 0.60,Future_Procurement_Plan25-26.pdf
16,,77,"Chemicals, Catalyst & additives",34.8,MT,1.33,"Chemicals, Catalyst & additives | CD (Di- ethyl aluminum chloride) | 34.8 | MT | 1.33",Future_Procurement_Plan25-26.pdf
16,,78,"Chemicals, Catalyst & additives",34.8,MT,3.12,"Chemicals, Catalyst & additives | CJ (Di- ethyl aluminum ethoxide) | 34.8 | MT | 3.12",Future_Procurement_Plan25-26.pdf
16,,79,"Chemicals, Catalyst & additives",250,MT,3.3,"Chemicals, Catalyst & additives | GMS-90 | 250 | MT | 3.3",Future_Procurement_Plan25-26.pdf
16,,80,"Chemicals, Catalyst & additives",1170,MT,34.5,"Chemicals, Catalyst & additives | Base FCC catalyst for INDMAX Unit. | 1170 | MT | 34.5",Future_Procurement_Plan25-26.pdf
16,,81,"Chemicals, Catalyst & additives",665,MT,24.05,"Chemicals, Catalyst & additives | DMDS | 665 | MT | 24.05",Future_Procurement_Plan25-26.pdf
16,,82,"Chemicals, Catalyst & additives",110,MT,10.5,"Chemicals, Catalyst & additives | RM 68 Master batch | 110 | MT | 10.5",Future_Procurement_Plan25-26.pdf
17,,83,"Chemicals, Catalyst & additives",700,MT,22.05,"Chemicals, Catalyst & additives | MIBK (METHYL ISOBUTYL KETONE) | 700 | MT | 22.05",Future_Procurement_Plan25-26.pdf
17,,84,Mechanical Stores,2,Set,38.26,Mechanical Stores | Radiant Coils | 2 | Set | 38.26,Future_Procurement_Plan25-26.pdf
17,,85,"Chemicals, Catalyst & additives",52.3,,2.79,"Chemicals, Catalyst & additives | Hydrogenation Catalyst (Activated Alumina impregnated with Cobalt and Molybdenum Oxides). | 52.3 | M3 | 2.79",Future_Procurement_Plan25-26.pdf
17,,86,"Chemicals, Catalyst & additives",555,Kg,0.83,"Chemicals, Catalyst & additives | Liquid oxidation catalyst for FCC Indmax Unit | 555 | Kg | 0.83",Future_Procurement_Plan25-26.pdf
17,,87,"Chemicals, Catalyst & additives",56,MT,6.66,"Chemicals, Catalyst & additives | Hydro treating catalyst for DHDS Unit | 56 | MT | 6.66",Future_Procurement_Plan25-26.pdf
17,,88,ISO-Octane,48,MT,1.17,ISO-Octane | 48 | MT | 1.17,Future_Procurement_Plan25-26.pdf
17,,89,"Chemicals, Catalyst & additives",205,MT,6.22,"Chemicals, Catalyst & additives | Mineral Oil (White Oil) | 205 | MT | 6.22",Future_Procurement_Plan25-26.pdf
17,,90,"Chemicals, Catalyst & additives",14400,MT,69.60,"Chemicals, Catalyst & additives | Methanol | 14400 | MT | 69.60",Future_Procurement_Plan25-26.pdf
17,,91,"Chemicals, Catalyst & additives",7.5,MT,27.45,"Chemicals, Catalyst & additives | Poly Propylene Catalyst | 7.5 | MT | 27.45",Future_Procurement_Plan25-26.pdf
17,,92,"Chemicals, Catalyst & additives",220,MT,12.11,"Chemicals, Catalyst & additives | PD/ 2,4 Pentane dione | 220 | MT | 12.11",Future_Procurement_Plan25-26.pdf
17,,93,Service,2,No.,0.71,Service | Assay analysis of Fresh & Spent catalyst | 2 | No. | 0.71,Future_Procurement_Plan25-26.pdf
17,,94,"Chemicals, Catalyst & additives",50,MT,9.5,"Chemicals, Catalyst & additives | Nucleating Agent (HPNA) | 50 | MT | 9.5",Future_Procurement_Plan25-26.pdf
17,,95,"Chemicals, Catalyst & additives",18,MT,0.83,"Chemicals, Catalyst & additives | Mono 2 Ethyl Hexyl Amine | 18 | MT | 0.83",Future_Procurement_Plan25-26.pdf
18,,1,LPG Pump,5,Nos.,3.7,LPG Pump | 5 | Nos. | 3.7,Future_Procurement_Plan25-26.pdf
18,,2,LPG Compressor,3,Nos.,1.09,LPG Compressor | 3 | Nos. | 1.09,Future_Procurement_Plan25-26.pdf
19,,1,Synthetic base oil Poly alfa olefin 6 CST,520,MT,13.77,Synthetic base oil Poly alfa olefin 6 CST | 520 | MT | 13.77,Future_Procurement_Plan25-26.pdf
19,,2,ST5014 (Lithium Hydroxide Monohydrate),300,MT,18.99,ST5014 (Lithium Hydroxide Monohydrate) | 300 | MT | 18.99,Future_Procurement_Plan25-26.pdf
19,,3,ST56058 (PIB 1000),2359,MT,26.47,ST56058 (PIB 1000) | 2359 | MT | 26.47,Future_Procurement_Plan25-26.pdf
19,,4,"Synthetic base oil Poly alfa olefin 100 CST, PAO 100(ST 55580)",228.5,MT,9.00,"Synthetic base oil Poly alfa olefin 100 CST, PAO 100(ST 55580) | 228.5 | MT | 9.00",Future_Procurement_Plan25-26.pdf
19,,5,PIB of higher molecular wt.(ST 56032/ST 56036),277,MT,4.42,PIB of higher molecular wt.(ST 56032/ST 56036) | 277 | MT | 4.42,Future_Procurement_Plan25-26.pdf
19,,6,"Synthetic base oil Poly alfa olefin 4 CST, PAO 40(ST 55578)",289.41,MT,10.28,"Synthetic base oil Poly alfa olefin 4 CST, PAO 40(ST 55578) | 289.41 | MT | 10.28",Future_Procurement_Plan25-26.pdf
20,,1,Marine Hoses,60,Nos.,24,Marine Hoses | 60 | Nos. | 24,Future_Procurement_Plan25-26.pdf
21,,1,Vessels/Drums/Tanks,,,,Vessels/Drums/Tanks | - | No s. | -,Future_Procurement_Plan25-26.pdf
21,,3,Reactors,,,,Reactors | - | No s. | -,Future_Procurement_Plan25-26.pdf
21,,4,Column/Column Internals/Column Modification,,,,Column/Column Internals/Column Modification | - | No s. | -,Future_Procurement_Plan25-26.pdf
21,,5,Heat Ex/Air coolers/Fin Fan Coolers,,,,Heat Ex/Air coolers/Fin Fan Coolers | - | No s. | -,Future_Procurement_Plan25-26.pdf
21,,6,Filters,,,,Filters | - | No s. | -,Future_Procurement_Plan25-26.pdf
21,,7,"Instrumentation items (DCS, PLC, Analyser,,sensors,, Flowmeter,Transmitter etc.)",,,,"Instrumentation items (DCS, PLC, Analyser,,sensors,, Flowmeter,Transmitter etc.) | - | LO T | -",Future_Procurement_Plan25-26.pdf
21,,8,Instrument Cables,,,,Instrument Cables | - | LO T | -,Future_Procurement_Plan25-26.pdf
21,,9,"Electrical Items (Transformer, Switchboard,Switch gears, HV/MV Boards,Motors,Hoist,PFIC Panel,VFD,Genset)",,,,"Electrical Items (Transformer, Switchboard,Switch gears, HV/MV Boards,Motors,Hoist,PFIC Panel,VFD,Genset) | - | LO T | -",Future_Procurement_Plan25-26.pdf
21,,10,Electrical Cables,,,,Electrical Cables | - | LO T | -,Future_Procurement_Plan25-26.pdf
21,,11,Compressors/Blowers/Fans,,,,Compressors/Blowers/Fans | - | No s. | -,Future_Procurement_Plan25-26.pdf
21,,12,Heaters & Stacks,,,,Heaters & Stacks | - | No s. | -,Future_Procurement_Plan25-26.pdf
21,,13,Bulk(Pipe/Fittings/Flanges/Valve),,,,Bulk(Pipe/Fittings/Flanges/Valve) | - | LO T | -,Future_Procurement_Plan25-26.pdf
21,,14,"Package Items(HVAC,ETP,Refigeration,Cooling Tower,DI Guard,Chlorine Injection,Chemical Injection,Side Stream Filter,Ehylene BOG,TEG Barelling,Flare,Communication Mgmt Sytem,Nitrogen Cooling System,Control Monitoring System,Ambience Air Monitoring system,PCK metering Skid,Cathodic Protectin System,FDAS system,CCTV,Custody Transfer Metering Skid,Clean Agent System)",,,,"Package Items(HVAC,ETP,Refigeration,Cooling Tower,DI Guard,Chlorine Injection,Chemical Injection,Side Stream Filter,Ehylene BOG,TEG Barelling,Flare,Communication Mgmt Sytem,Nitrogen Cooling System,Control Monitoring System,Ambience Air Monitoring system,PCK metering Skid,Cathodic Protectin System,FDAS system,CCTV,Custody Transfer Metering Skid,Clean Agent System) | - | LO T | -",Future_Procurement_Plan25-26.pdf
21,,15,"Fire Fighting system/equipment/package , Foam Concentrate, Manual & Remote Operated High Volume Longe Range Monitor with Accessories",,,,"Fire Fighting system/equipment/package , Foam Concentrate, Manual & Remote Operated High Volume Longe Range Monitor with Accessories | - | LO T | -",Future_Procurement_Plan25-26.pdf
21,,16,Incinerator & Instr. Components,,,,Incinerator & Instr. Components | - | No s. | -,Future_Procurement_Plan25-26.pdf
21,,17,"Mech items :EOT Crane,Forklift,Weigh Bridge,Industrial Lift,Belt & Screw conveyors/Dock leveller",,,,"Mech items :EOT Crane,Forklift,Weigh Bridge,Industrial Lift,Belt & Screw conveyors/Dock leveller | - | No s. | -",Future_Procurement_Plan25-26.pdf
21,,18,Steam Turbine,,,,Steam Turbine | - | No s. | -,Future_Procurement_Plan25-26.pdf
22,,19,Rotary Valves/Safety Valves/Control Valves/On-off Valves/Emergency Vent Valves/Shutdown Valves,,,,Rotary Valves/Safety Valves/Control Valves/On-off Valves/Emergency Vent Valves/Shutdown Valves | - | LO T | -,Future_Procurement_Plan25-26.pdf
22,,20,Mixers & Agitators,,,,Mixers & Agitators | - | No s. | -,Future_Procurement_Plan25-26.pdf
22,,21,Driers,,,,Driers | - | No s. | -,Future_Procurement_Plan25-26.pdf
22,,22,Separators,,,,Separators | - | No s. | -,Future_Procurement_Plan25-26.pdf
22,,23,Boiler,,,,Boiler | - | No s. | -,Future_Procurement_Plan25-26.pdf
22,,24,Lab Equipment,,,,Lab Equipment | - | No s. | -,Future_Procurement_Plan25-26.pdf
22,,25,Pig Launcher & Pig Receiver,,,,Pig Launcher & Pig Receiver | - | No s. | -,Future_Procurement_Plan25-26.pdf
22,,26,Marine Loading Arm,,,,Marine Loading Arm | - | No s. | -,Future_Procurement_Plan25-26.pdf
22,,27,Inert Ceramic balls,,,,Inert Ceramic balls | - | LO T | -,Future_Procurement_Plan25-26.pdf
22,,28,Sample Coolers (PI) & Sample Bombs (PE),,,,Sample Coolers (PI) & Sample Bombs (PE) | - | No s. | -,Future_Procurement_Plan25-26.pdf
22,,29,Mounded Bullet,,,,Mounded Bullet | - | No s. | -,Future_Procurement_Plan25-26.pdf
22,,30,Spare Components (Compressor/Pumps/Feed Coalescer),,,,Spare Components (Compressor/Pumps/Feed Coalescer) | - | LO T | -,Future_Procurement_Plan25-26.pdf
22,,31,Miscellaneous items (including FR approved project),,,,Miscellaneous items (including FR approved project) | - | LO T | -,Future_Procurement_Plan25-26.pdf
22,,35,CLARIANT OleMax 101 (8mm Spheres),62588,,49.5,CLARIANT OleMax 101 (8mm Spheres) | 62588 | Kgs | 49.5,Future_Procurement_Plan25-26.pdf
22,,36,Treater Adsorbent,1,Lot,13.2,Treater Adsorbent | 1 | Lot | 13.2,Future_Procurement_Plan25-26.pdf
22,,37,Chloride Guard Bed Adsorbent,1,Lot,0.72,Chloride Guard Bed Adsorbent | 1 | Lot | 0.72,Future_Procurement_Plan25-26.pdf
22,,38,Dryer treater Adsorbent,1,Lot,9.6,Dryer treater Adsorbent | 1 | Lot | 9.6,Future_Procurement_Plan25-26.pdf
22,,1,Pump Spares,53,Lot,,Pump Spares | Lot | 53,Future_Procurement_Plan25-26.pdf
22,,2,Mechanical Seal Spares,62,Lot,,Mechanical Seal Spares | Lot | 62,Future_Procurement_Plan25-26.pdf
22,,3,Bearings,5,Lot,,Bearings | Lot | 5,Future_Procurement_Plan25-26.pdf
22,,4,Turbine Spares,129,Lot,,Turbine Spares | Lot | 129,Future_Procurement_Plan25-26.pdf
22,,5,Steam Engine Spares,1,Lot,,Steam Engine Spares | Lot | 1,Future_Procurement_Plan25-26.pdf
22,,6,Furnace Spares,16,Lot,,Furnace Spares | Lot | 16,Future_Procurement_Plan25-26.pdf
22,,7,Compressor Spares,67,Lot,,Compressor Spares | Lot | 67,Future_Procurement_Plan25-26.pdf
22,,8,Fan & Blower Spares,7,Lot,,Fan & Blower Spares | Lot | 7,Future_Procurement_Plan25-26.pdf
22,,9,Agitator & Mixer Spares,2,Lot,,Agitator & Mixer Spares | Lot | 2,Future_Procurement_Plan25-26.pdf
22,,10,"ETP,LPG Plant Equipment Spares",13,Lot,,"ETP,LPG Plant Equipment Spares | Lot | 13",Future_Procurement_Plan25-26.pdf
22,,11,Air Conditioner Spares,3,Lot,,Air Conditioner Spares | Lot | 3,Future_Procurement_Plan25-26.pdf
22,,12,Heat Exchanger Spares,51,Lot,,Heat Exchanger Spares | Lot | 51,Future_Procurement_Plan25-26.pdf
22,,13,Column/ Reactor Spares,38,Lot,,Column/ Reactor Spares | Lot | 38,Future_Procurement_Plan25-26.pdf
22,,14,Pipe & Pipe Fittings,140,Lot,,Pipe & Pipe Fittings | Lot | 140,Future_Procurement_Plan25-26.pdf
22,,15,Gear Box Spares,10,Lot,,Gear Box Spares | Lot | 10,Future_Procurement_Plan25-26.pdf
22,,16,Motor Spares,5,Lot,,Motor Spares | Lot | 5,Future_Procurement_Plan25-26.pdf
22,,17,"Transformer, Battery, Switch Gear, Cable, Lamp etc. Spares",88,Lot,,"Transformer, Battery, Switch Gear, Cable, Lamp etc. Spares | Lot | 88",Future_Procurement_Plan25-26.pdf
22,,18,Liquid oxidation Catalyst for spent,1.5,MT,2.18,Liquid oxidation Catalyst for spent | 1.5 | MT | 2.18,Future_Procurement_Plan25-26.pdf
25,,69,ST65692 (Biphenyl) -approved additive Packages required for manufacturing of Servo Duotherm S required at Panipat Refinery,60,MT,1.20,ST65692 (Biphenyl) -approved additive Packages required for manufacturing of Servo Duotherm S required at Panipat Refinery | 60 | MT | 1.20,Future_Procurement_Plan25-26.pdf
25,,70,Mixed Butylated Phenol Antioxidant (ST4064) - used in blending in many lubricants,87.3,MT,1.66,Mixed Butylated Phenol Antioxidant (ST4064) - used in blending in many lubricants | 87.3 | MT | 1.66,Future_Procurement_Plan25-26.pdf
25,,71,Hydrogenated Terphenyl (ST58606) - approved additive Packages required for manufacturing of Servotherm SHT 32 required by IOCL Refinery.,304,MT,9.09,Hydrogenated Terphenyl (ST58606) - approved additive Packages required for manufacturing of Servotherm SHT 32 required by IOCL Refinery. | 304 | MT | 9.09,Future_Procurement_Plan25-26.pdf
25,,73,Mechanical Stores,1,No,1.18,Mechanical Stores | Cast Air Preheater Module / Cast & Glass Air Preheater Modules / Glass Air Pre-Heater Modules | 1 | No | 1.18,Future_Procurement_Plan25-26.pdf
25,,74,Cutter Blades of Extruder,1600,No,2.19,Cutter Blades of Extruder | 1600 | No | 2.19,Future_Procurement_Plan25-26.pdf
25,,75,Hydrogen Tubular Reformer Catalyst Tubes,36,No,3.61,Hydrogen Tubular Reformer Catalyst Tubes | 36 | No | 3.61,Future_Procurement_Plan25-26.pdf
25,,76,Rotary Tight Shut off Valve,4,No,0.60,Rotary Tight Shut off Valve | 4 | No | 0.60,Future_Procurement_Plan25-26.pdf
25,,77,"Chemicals, Catalyst & additives",34.8,MT,1.40,"Chemicals, Catalyst & additives | CD (Di- ethyl aluminum chloride) | 34.8 | MT | 1.40",Future_Procurement_Plan25-26.pdf
25,,78,"Chemicals, Catalyst & additives",34.8,MT,3.27,"Chemicals, Catalyst & additives | CJ (Di- ethyl aluminum ethoxide) | 34.8 | MT | 3.27",Future_Procurement_Plan25-26.pdf
25,,79,"Chemicals, Catalyst & additives",250,MT,3.3,"Chemicals, Catalyst & additives | GMS-90 | 250 | MT | 3.3",Future_Procurement_Plan25-26.pdf
25,,80,"Chemicals, Catalyst & additives",1170,MT,34.5,"Chemicals, Catalyst & additives | Base FCC catalyst for INDMAX Unit. | 1170 | MT | 34.5",Future_Procurement_Plan25-26.pdf
25,,81,"Chemicals, Catalyst & additives",665,MT,25.25,"Chemicals, Catalyst & additives | DMDS | 665 | MT | 25.25",Future_Procurement_Plan25-26.pdf
25,,82,"Chemicals, Catalyst & additives",110,MT,11.02,"Chemicals, Catalyst & additives | RM 68 Master batch | 110 | MT | 11.02",Future_Procurement_Plan25-26.pdf
25,,83,"Chemicals, Catalyst & additives",700,MT,23.15,"Chemicals, Catalyst & additives | MIBK (METHYL ISOBUTYL KETONE) | 700 | MT | 23.15",Future_Procurement_Plan25-26.pdf
25,,87,"Chemicals, Catalyst & additives",555,Kg,0.87,"Chemicals, Catalyst & additives | Liquid oxidation catalyst for FCC Indmax Unit | 555 | Kg | 0.87",Future_Procurement_Plan25-26.pdf
25,,88,"Chemicals, Catalyst & additives",56,MT,6.99,"Chemicals, Catalyst & additives | Hydro treating catalyst for DHDS Unit | 56 | MT | 6.99",Future_Procurement_Plan25-26.pdf
25,,89,ISO-Octane,48,MT,1.23,ISO-Octane | 48 | MT | 1.23,Future_Procurement_Plan25-26.pdf
25,,90,"Chemicals, Catalyst & additives",205,MT,6.53,"Chemicals, Catalyst & additives | Mineral Oil (White Oil) | 205 | MT | 6.53",Future_Procurement_Plan25-26.pdf
25,,91,"Chemicals, Catalyst & additives",14400,MT,73.08,"Chemicals, Catalyst & additives | Methanol | 14400 | MT | 73.08",Future_Procurement_Plan25-26.pdf
25,,92,"Chemicals, Catalyst & additives",7.5,MT,28.82,"Chemicals, Catalyst & additives | Poly Propylene Catalyst | 7.5 | MT | 28.82",Future_Procurement_Plan25-26.pdf
25,,95,"Chemicals, Catalyst & additives",220,MT,12.71,"Chemicals, Catalyst & additives | PD/ 2,4 Pentane dione | 220 | MT | 12.71",Future_Procurement_Plan25-26.pdf
25,,96,Service,2,No.,0.75,Service | Assay analysis of Fresh & Spent catalyst | 2 | No. | 0.75,Future_Procurement_Plan25-26.pdf
25,,97,"Chemicals, Catalyst & additives",441,MT,6.40,"Chemicals, Catalyst & additives | Silica MB | 441 | MT | 6.40",Future_Procurement_Plan25-26.pdf
25,,98,"Chemicals, Catalyst & additives",5600,MT,209,"Chemicals, Catalyst & additives | RFCCU catalyst | 5600 | MT | 209",Future_Procurement_Plan25-26.pdf
25,,99,"Chemicals, Catalyst & additives",50,MT,9.92,"Chemicals, Catalyst & additives | Nucleating Agent (HPNA) | 50 | MT | 9.92",Future_Procurement_Plan25-26.pdf
25,,100,"Chemicals, Catalyst & additives",18,MT,0.87,"Chemicals, Catalyst & additives | Mono 2 Ethyl Hexyl Amine | 18 | MT | 0.87",Future_Procurement_Plan25-26.pdf
26,,61,Anti chafe Chain,20,Nos.,21.00,Anti chafe Chain | 20 | Nos. | 21.00,Future_Procurement_Plan25-26.pdf
27,,62,Mooring Bridle,26,Nos.,1.65,Mooring Bridle | 26 | Nos. | 1.65,Future_Procurement_Plan25-26.pdf
28,,1,14.2 Kg Cylinders (Including New & Replacement),,Nos.,,14.2 Kg Cylinders (Including New & Replacement) | 630000 0 | Nos. | 803. 02,Future_Procurement_Plan25-26.pdf
28,,2,19 Kg Cylinders (Including New & Replacement),,Nos.,,19 Kg Cylinders (Including New & Replacement) | 80000 0 | Nos. | 140. 04,Future_Procurement_Plan25-26.pdf
28,,3,47.5 Kg Cylinders (Including New & Replacement),,Nos.,,47.5 Kg Cylinders (Including New & Replacement) | 4000 0 | Nos. | 15.4 1,Future_Procurement_Plan25-26.pdf
28,,4,5 Kg Cylinders (Including New & Replacement),,Nos.,,5 Kg Cylinders (Including New & Replacement) | 150000 0 | Nos. | 130. 01,Future_Procurement_Plan25-26.pdf
28,,5,425 KG Cylinders,5000,Nos.,,425 KG Cylinders | 5000 | Nos. | 32.9 3,Future_Procurement_Plan25-26.pdf
28,,6,Pressure Regulators,,Nos.,,Pressure Regulators | 350000 0 | Nos. | 50.7 0,Future_Procurement_Plan25-26.pdf
28,,1,Synthetic base oil Poly alfa olefin 6 CST,550,MT,14.56,Synthetic base oil Poly alfa olefin 6 CST | 550 | MT | 14.56,Future_Procurement_Plan25-26.pdf
28,,2,ST5014 (Lithium Hydroxide Monohydrate),325,MT,21.60,ST5014 (Lithium Hydroxide Monohydrate) | 325 | MT | 21.60,Future_Procurement_Plan25-26.pdf
28,,3,ST56058 (PIB 1000),2477,MT,29.18,ST56058 (PIB 1000) | 2477 | MT | 29.18,Future_Procurement_Plan25-26.pdf
28,,4,"Synthetic base oil Poly alfa olefin 100 CST, PAO 100(ST 55580)",280,MT,11.51,"Synthetic base oil Poly alfa olefin 100 CST, PAO 100(ST 55580) | 280 | MT | 11.51",Future_Procurement_Plan25-26.pdf
28,,5,PIB of higher molecular wt.(ST 56032/ST 56036),291,MT,4.64,PIB of higher molecular wt.(ST 56032/ST 56036) | 291 | MT | 4.64,Future_Procurement_Plan25-26.pdf
28,,6,"Synthetic base oil Poly alfa olefin 4 CST, PAO 40(ST 55578)",303.88,MT,11.52,"Synthetic base oil Poly alfa olefin 4 CST, PAO 40(ST 55578) | 303.88 | MT | 11.52",Future_Procurement_Plan25-26.pdf
28,,1,Marine Hoses,100,Nos.,40,Marine Hoses | 100 | Nos. | 40,Future_Procurement_Plan25-26.pdf
29,,1,Vessels/Drums/Tanks,324,Nos.,240,Vessels/Drums/Tanks | 324 | Nos. | 240,Future_Procurement_Plan25-26.pdf
29,,3,Reactors,28,Nos.,168,Reactors | 28 | Nos. | 168,Future_Procurement_Plan25-26.pdf
29,,4,Column/Column Internals/Column Modification,79,Nos.,368,Column/Column Internals/Column Modification | 79 | Nos. | 368,Future_Procurement_Plan25-26.pdf
29,,5,Heat Ex/Air coolers/Fin Fan Coolers,473,Nos.,623,Heat Ex/Air coolers/Fin Fan Coolers | 473 | Nos. | 623,Future_Procurement_Plan25-26.pdf
29,,6,Filters,11,Nos.,3,Filters | 11 | Nos. | 3,Future_Procurement_Plan25-26.pdf
29,,7,"Instrumentation items (DCS, PLC, Analyser,,sensors, Flowmeter,Transmitter etc.)",125,LOT,,"Instrumentation items (DCS, PLC, Analyser,,sensors, Flowmeter,Transmitter etc.) | LOT | LOT | 125",Future_Procurement_Plan25-26.pdf
29,,8,Instrument Cables,2,LOT,,Instrument Cables | LOT | LOT | 2,Future_Procurement_Plan25-26.pdf
29,,10,Electrical Cables,10,LOT,,Electrical Cables | LOT | LOT | 10,Future_Procurement_Plan25-26.pdf
29,,11,Compressors/Blowers/Fans,31,Nos.,350,Compressors/Blowers/Fans | 31 | Nos. | 350,Future_Procurement_Plan25-26.pdf
29,,12,Heaters & Stacks,14,Nos.,257,Heaters & Stacks | 14 | Nos. | 257,Future_Procurement_Plan25-26.pdf
29,,13,Bulk(Pipe/Fittings/Flanges/Va lve),144,LOT,,Bulk(Pipe/Fittings/Flanges/Va lve) | LOT | LOT | 144,Future_Procurement_Plan25-26.pdf
29,,14,"Package Items(HVAC,ETP,Refigeration,Co oling Tower,DI Guard,Chlorine Injection,Chemical Injection,Side Stream Filter,Ehylene BOG,TEG Barelling,Flare,Communication Mgmt Sytem,Nitrogen Cooling System,Control Monitoring System,Ambience Air Monitoring system,PCK metering Skid,Cathodic Protectin System,FDAS system,CCTV,Custody Transfer Metering Skid,Clean Agent System)",731,LOT,,"Package Items(HVAC,ETP,Refigeration,Co oling Tower,DI Guard,Chlorine Injection,Chemical Injection,Side Stream Filter,Ehylene BOG,TEG Barelling,Flare,Communication Mgmt Sytem,Nitrogen Cooling System,Control Monitoring System,Ambience Air Monitoring system,PCK metering Skid,Cathodic Protectin System,FDAS system,CCTV,Custody Transfer Metering Skid,Clean Agent System) | LOT | LOT | 731",Future_Procurement_Plan25-26.pdf
29,,15,"Fire Fighting system/equipment/package , Foam Concentrate, Manual & Remote Operated High Volume Longe Range Monitor with Accessories",24,LOT,,"Fire Fighting system/equipment/package , Foam Concentrate, Manual & Remote Operated High Volume Longe Range Monitor with Accessories | LOT | LOT | 24",Future_Procurement_Plan25-26.pdf
29,,16,Incinerator & Instr. Components,13,Nos.,28,Incinerator & Instr. Components | 13 | Nos. | 28,Future_Procurement_Plan25-26.pdf
29,,17,"Mech items :EOT Crane,Forklift,Weigh Bridge,Industrial Lift,Belt & Screw conveyors/Dock leveller",17,Nos.,10,"Mech items :EOT Crane,Forklift,Weigh Bridge,Industrial Lift,Belt & Screw conveyors/Dock leveller | 17 | Nos. | 10",Future_Procurement_Plan25-26.pdf
29,,18,Steam Turbine,,Nos.,,Steam Turbine | Nos.,Future_Procurement_Plan25-26.pdf
29,,19,Rotary Valves/Safety Valves/Control Valves/On-off Valves/Emergency Vent Valves/Shutdown Valves,75,LOT,,Rotary Valves/Safety Valves/Control Valves/On-off Valves/Emergency Vent Valves/Shutdown Valves | LOT | LOT | 75,Future_Procurement_Plan25-26.pdf
29,,20,Mixers & Agitators,80,Nos.,19,Mixers & Agitators | 80 | Nos. | 19,Future_Procurement_Plan25-26.pdf
29,,21,Driers,3,Nos.,2,Driers | 3 | Nos. | 2,Future_Procurement_Plan25-26.pdf
30,,23,Boiler,1,Nos.,6,Boiler | 1 | Nos. | 6,Future_Procurement_Plan25-26.pdf
30,,24,Lab Equipment,34,Nos.,11,Lab Equipment | 34 | Nos. | 11,Future_Procurement_Plan25-26.pdf
30,,25,Pig Launcher & Pig Receiver,2,Nos.,1,Pig Launcher & Pig Receiver | 2 | Nos. | 1,Future_Procurement_Plan25-26.pdf
30,,26,Marine Loading Arm,1,Nos.,9,Marine Loading Arm | 1 | Nos. | 9,Future_Procurement_Plan25-26.pdf
30,,27,Inert Ceramic balls,1,LOT,,Inert Ceramic balls | LOT | LOT | 1,Future_Procurement_Plan25-26.pdf
30,,28,Sample Coolers (PI) & Sample Bombs (PE),54,Nos.,1,Sample Coolers (PI) & Sample Bombs (PE) | 54 | Nos. | 1,Future_Procurement_Plan25-26.pdf
30,,29,Mounded Bullet,,Nos.,,Mounded Bullet | Nos.,Future_Procurement_Plan25-26.pdf
30,,30,Spare Components (Compressor/Pumps/Feed Coalescer),24,LOT,,Spare Components (Compressor/Pumps/Feed Coalescer) | LOT | LOT | 24,Future_Procurement_Plan25-26.pdf
30,,31,Miscellaneous items (including FR approved project),547,LOT,,Miscellaneous items (including FR approved project) | LOT | LOT | 547,Future_Procurement_Plan25-26.pdf
30,,1,Pump Spares,57.6,Lot,,Pump Spares | Lot | 57.6,Future_Procurement_Plan25-26.pdf
30,,2,Mechanical Seal Spares,67.2,Lot,,Mechanical Seal Spares | Lot | 67.2,Future_Procurement_Plan25-26.pdf
30,,3,Bearings,6,Lot,,Bearings | Lot | 6,Future_Procurement_Plan25-26.pdf
30,,4,Turbine Spares,139.2,Lot,,Turbine Spares | Lot | 139.2,Future_Procurement_Plan25-26.pdf
30,,5,Steam Engine Spares,1.2,Lot,,Steam Engine Spares | Lot | 1.2,Future_Procurement_Plan25-26.pdf
30,,6,Furnace Spares,16.8,Lot,,Furnace Spares | Lot | 16.8,Future_Procurement_Plan25-26.pdf
30,,7,Compressor Spares,73.2,Lot,,Compressor Spares | Lot | 73.2,Future_Procurement_Plan25-26.pdf
30,,8,Fan & Blower Spares,8.4,Lot,,Fan & Blower Spares | Lot | 8.4,Future_Procurement_Plan25-26.pdf
30,,9,Agitator & Mixer Spares,2.4,Lot,,Agitator & Mixer Spares | Lot | 2.4,Future_Procurement_Plan25-26.pdf
30,,10,"ETP,LPG Plant Equipment Spares",14.4,Lot,,"ETP,LPG Plant Equipment Spares | Lot | 14.4",Future_Procurement_Plan25-26.pdf
30,,11,Air Conditioner Spares,2.4,Lot,,Air Conditioner Spares | Lot | 2.4,Future_Procurement_Plan25-26.pdf
30,,12,Heat Exchanger Spares,55.2,Lot,,Heat Exchanger Spares | Lot | 55.2,Future_Procurement_Plan25-26.pdf
30,,13,Column/ Reactor Spares,40.8,Lot,,Column/ Reactor Spares | Lot | 40.8,Future_Procurement_Plan25-26.pdf
30,,14,Pipe & Pipe Fittings,152.4,Lot,,Pipe & Pipe Fittings | Lot | 152.4,Future_Procurement_Plan25-26.pdf
30,,15,Gear Box Spares,10.8,Lot,,Gear Box Spares | Lot | 10.8,Future_Procurement_Plan25-26.pdf
30,,16,Motor Spares,4.8,Lot,,Motor Spares | Lot | 4.8,Future_Procurement_Plan25-26.pdf
30,,17,"Transformer, Battery, Switch Gear, Cable, Lamp etc. Spares",96,Lot,,"Transformer, Battery, Switch Gear, Cable, Lamp etc. Spares | Lot | Lot | 96",Future_Procurement_Plan25-26.pdf
30,,18,"Chemicals, Catalyst & additives",1.5,MT,2.616,"Chemicals, Catalyst & additives | Liquid oxidation Catalyst for spent caustic regeneration | 1.5 | MT | 2.616",Future_Procurement_Plan25-26.pdf
30,,19,"Anti Oxidant (AO 1010) Pentaerythritol tetrakis(3-(3,5-di- tert-butyl-4- hydroxyphenyl)propionate)",980,MT,44.26,"Anti Oxidant (AO 1010) Pentaerythritol tetrakis(3-(3,5-di- tert-butyl-4- hydroxyphenyl)propionate) | 980 | MT | 44.26",Future_Procurement_Plan25-26.pdf
30,,20,Anti Oxidant AO 168/ AO9,1565,MT,46.31,Anti Oxidant AO 168/ AO9 | 1565 | MT | 46.31,Future_Procurement_Plan25-26.pdf
30,,21,"AO1076 (Octadecyl β – (3,5-di- tert - butyl-4-hydroxy phenyl)-propionate",110,MT,5.04,"AO1076 (Octadecyl β – (3,5-di- tert - butyl-4-hydroxy phenyl)-propionate | 110 | MT | 5.04",Future_Procurement_Plan25-26.pdf
30,,22,ATF Merox Catalyst - Pre impregnated activated charcoal,36,,0.972,ATF Merox Catalyst - Pre impregnated activated charcoal | 36 | M3 | 0.972,Future_Procurement_Plan25-26.pdf
30,,23,Benzene hydrogenation catalyst for ISOM unit,2.1,MT,3.06,Benzene hydrogenation catalyst for ISOM unit | 2.1 | MT | 3.06,Future_Procurement_Plan25-26.pdf
30,,24,CAB catalyst,18,MT,3.45,CAB catalyst | 18 | MT | 3.45,Future_Procurement_Plan25-26.pdf
30,,25,CAB-2 catalyst (Blend of vanadium oxytrichloride & titanium tetrachloride 50/50),35,MT,6.08,CAB-2 catalyst (Blend of vanadium oxytrichloride & titanium tetrachloride 50/50) | 35 | MT | 6.08,Future_Procurement_Plan25-26.pdf
30,,26,Carbon Monoxide (CO) promoter catalyst additive for FCC Unit,16,MT,7.044,Carbon Monoxide (CO) promoter catalyst additive for FCC Unit | 16 | MT | 7.044,Future_Procurement_Plan25-26.pdf
30,,27,Catalyst for DCU LPG Merox Unit,547,,0.336,Catalyst for DCU LPG Merox Unit | 547 | L | 0.336,Future_Procurement_Plan25-26.pdf
32,,61,Speciality Grease - Mixture of higher paraffin hydrocarbon used as catalyst protection in Spheripol PP technology for production of Polypropylene.,15,MT,0.48,Speciality Grease - Mixture of higher paraffin hydrocarbon used as catalyst protection in Spheripol PP technology for production of Polypropylene. | 15 | MT | 0.48,Future_Procurement_Plan25-26.pdf
32,,62,Magnesium Aluminium Hydroxide Carbonate Hydrate (DHT 4A/Hycite 713 ) -used in reaction for acid scavenging in polymer production and processing systems.,100,MT,2.45,Magnesium Aluminium Hydroxide Carbonate Hydrate (DHT 4A/Hycite 713 ) -used in reaction for acid scavenging in polymer production and processing systems. | 100 | MT | 2.45,Future_Procurement_Plan25-26.pdf
32,,63,Alkyl Amine Ethoxylate ( ATMER 163 ) - for neutralization of Catalyst & Co catalyst and works as anti- static agent.,107,MT,6.15,Alkyl Amine Ethoxylate ( ATMER 163 ) - for neutralization of Catalyst & Co catalyst and works as anti- static agent. | 107 | MT | 6.15,Future_Procurement_Plan25-26.pdf
32,,64,"Antioxidant AO 3114(1,3,5-Tris(3,5- di-tert-butyl-4-hydroxy benzyl)-s- triazine-2,4,6-(1H,3H,5H)trione) - specialized vis- breaking chemical used for speci fic PP grade",28,MT,1.596,"Antioxidant AO 3114(1,3,5-Tris(3,5- di-tert-butyl-4-hydroxy benzyl)-s- triazine-2,4,6-(1H,3H,5H)trione) - specialized vis- breaking chemical used for speci fic PP grade | 28 | MT | 1.596",Future_Procurement_Plan25-26.pdf
32,,65,Non-Aromatic catalyst batch mineral oil (MINERAL OIL ) - used for diluting Donor in order to have better accuracy of the flow measure and also used for flushing in TEAL area.,70,MT,1.74,Non-Aromatic catalyst batch mineral oil (MINERAL OIL ) - used for diluting Donor in order to have better accuracy of the flow measure and also used for flushing in TEAL area. | 70 | MT | 1.74,Future_Procurement_Plan25-26.pdf
32,,66,HDPE consumable polymerization Catalyst - used for polymerization reaction for production of specific grade of High density polyethylene from Ethylene,8,MT,25.92,HDPE consumable polymerization Catalyst - used for polymerization reaction for production of specific grade of High density polyethylene from Ethylene | 8 | MT | 25.92,Future_Procurement_Plan25-26.pdf
32,,67,"Antioxidant (AO-1330 ) -prevents polymer from degradation caused by exposure to heat, ultraviolet radiation (UV) and mechanical shear",52,MT,6.28,"Antioxidant (AO-1330 ) -prevents polymer from degradation caused by exposure to heat, ultraviolet radiation (UV) and mechanical shear | 52 | MT | 6.28",Future_Procurement_Plan25-26.pdf
32,,68,"Desiccant for ethylene guard bed (Fixed bed for ethylene purification) - used for removal of Carbon monoxide, carbon dioxide, moisture from Ethylene feed in Swing unit to Ultra low levels.",63,MT,4.02,"Desiccant for ethylene guard bed (Fixed bed for ethylene purification) - used for removal of Carbon monoxide, carbon dioxide, moisture from Ethylene feed in Swing unit to Ultra low levels. | 63 | MT | 4.02",Future_Procurement_Plan25-26.pdf
32,,69,ST65692 (Biphenyl) -approved additive Packages required for manufacturing of Servo Duotherm S required at Panipat Refinery,60,MT,1.44,ST65692 (Biphenyl) -approved additive Packages required for manufacturing of Servo Duotherm S required at Panipat Refinery | 60 | MT | 1.44,Future_Procurement_Plan25-26.pdf
32,,70,Mixed Butylated Phenol Antioxidant (ST4064) - used in blending in many lubricants,87.3,MT,1.992,Mixed Butylated Phenol Antioxidant (ST4064) - used in blending in many lubricants | 87.3 | MT | 1.992,Future_Procurement_Plan25-26.pdf
32,,71,Hydrogenated Terphenyl (ST58606) - approved additive Packages required for manufacturing of Servotherm SHT 32 required by IOCL Refinery.,304,MT,10.908,Hydrogenated Terphenyl (ST58606) - approved additive Packages required for manufacturing of Servotherm SHT 32 required by IOCL Refinery. | 304 | MT | 10.908,Future_Procurement_Plan25-26.pdf
32,,72,Mechanical Stores,1,No,1.416,Mechanical Stores | Cast Air Preheater Module / Cast & Glass Air Preheater Modules / Glass Air Pre-Heater Modules | 1 | No | 1.416,Future_Procurement_Plan25-26.pdf
32,,73,Cutter Blades of Extruder,1600,No,2.628,Cutter Blades of Extruder | 1600 | No | 2.628,Future_Procurement_Plan25-26.pdf
32,,74,Hydrogen Tubular Reformer Catalyst Tubes,36,No,4.332,Hydrogen Tubular Reformer Catalyst Tubes | 36 | No | 4.332,Future_Procurement_Plan25-26.pdf
32,,75,Rotary Tight Shut off Valve,4,No,0.72,Rotary Tight Shut off Valve | 4 | No | 0.72,Future_Procurement_Plan25-26.pdf
32,,76,Benchmarking study for P-25 Project,1,No,2.4,Benchmarking study for P-25 Project | 1 | No | 2.4,Future_Procurement_Plan25-26.pdf
32,,77,"License, Know-How, Process package, Catalyst(s), Proprietary equipment (if any) for production of Polyester Melt",1,,214.8,"License, Know-How, Process package, Catalyst(s), Proprietary equipment (if any) for production of Polyester Melt | 1 | 214.8",Future_Procurement_Plan25-26.pdf
33,,78,Lining up of agency for platinum/palladium umpire analysis on limited global tender basis.,12,Lot,0.108,Lining up of agency for platinum/palladium umpire analysis on limited global tender basis. | 12 | Lot | 0.108,Future_Procurement_Plan25-26.pdf
33,,79,Loss On Ignition (%) and Platinum content (%) testing in Continuous Catalytic Reformer (CCR) fresh catalyst,1,No,0.048,Loss On Ignition (%) and Platinum content (%) testing in Continuous Catalytic Reformer (CCR) fresh catalyst | 1 | No | 0.048,Future_Procurement_Plan25-26.pdf
33,,80,Maintenance of Welded Type Plate combine feed Exchanger of CRU,1,No,2.052,Maintenance of Welded Type Plate combine feed Exchanger of CRU | 1 | No | 2.052,Future_Procurement_Plan25-26.pdf
33,,81,"Off the shelf ""Online e-Modules on Leadership Competencies""",1000,No,1.104,"Off the shelf ""Online e-Modules on Leadership Competencies"" | 1000 | No | 1.104",Future_Procurement_Plan25-26.pdf
33,,82,"Supply of Basic Design and Engineering Package (BDEP), Catalyst(s), Proprietary items and assistance services for quality Revamp of BS-VI FCC GDS at Gujarat Refinery",1,Lot,25.94,"Supply of Basic Design and Engineering Package (BDEP), Catalyst(s), Proprietary items and assistance services for quality Revamp of BS-VI FCC GDS at Gujarat Refinery | 1 | Lot | 25.94",Future_Procurement_Plan25-26.pdf
33,,83,"Supply of License, Basic Engineering and Design package and equipment and services",1,Lot,128.64,"Supply of License, Basic Engineering and Design package and equipment and services | 1 | Lot | 128.64",Future_Procurement_Plan25-26.pdf
33,,84,Assay analysis of spent catalyst - required to quantify precious metal i.e. Palladium content in Spent catalyst for settlement of quantity of recovery of precious metal from spent catalyst.,1,Lot,0.144,Assay analysis of spent catalyst - required to quantify precious metal i.e. Palladium content in Spent catalyst for settlement of quantity of recovery of precious metal from spent catalyst. | 1 | Lot | 0.144,Future_Procurement_Plan25-26.pdf
33,,85,"Chemicals, Catalyst & Additives",21,MT,0.93,"Chemicals, Catalyst & Additives | TEAL | 21 | MT | 0.93",Future_Procurement_Plan25-26.pdf
33,,86,"Chemicals, Catalyst & additives",34.8,MT,1.47,"Chemicals, Catalyst & additives | CD (Di- ethyl aluminum chloride) | 34.8 | MT | 1.47",Future_Procurement_Plan25-26.pdf
33,,87,"Chemicals, Catalyst & additives",34.8,MT,3.44,"Chemicals, Catalyst & additives | CJ (Di- ethyl aluminum ethoxide) | 34.8 | MT | 3.44",Future_Procurement_Plan25-26.pdf
33,,88,"Chemicals, Catalyst & additives",250,MT,3.8,"Chemicals, Catalyst & additives | GMS-90 | 250 | MT | 3.8",Future_Procurement_Plan25-26.pdf
33,,89,"Chemicals, Catalyst & additives",1170,MT,34.5,"Chemicals, Catalyst & additives | Base FCC catalyst for INDMAX Unit. | 1170 | MT | 34.5",Future_Procurement_Plan25-26.pdf
33,,90,"Chemicals, Catalyst & additives",665,MT,26.51,"Chemicals, Catalyst & additives | DMDS | 665 | MT | 26.51",Future_Procurement_Plan25-26.pdf
33,,91,"Chemicals, Catalyst & additives",110,MT,11.58,"Chemicals, Catalyst & additives | RM 68 Master batch | 110 | MT | 11.58",Future_Procurement_Plan25-26.pdf
33,,92,"Chemicals, Catalyst & additives",700,MT,24.31,"Chemicals, Catalyst & additives | MIBK (METHYL ISOBUTYL KETONE) | 700 | MT | 24.31",Future_Procurement_Plan25-26.pdf
33,,93,Mechanical Stores,2,Set,42.08,Mechanical Stores | Radiant Coils | 2 | Set | 42.08,Future_Procurement_Plan25-26.pdf
33,,94,"Chemicals, Catalyst & additives",52.3,,3.07,"Chemicals, Catalyst & additives | Hydrogenation Catalyst (Activated Alumina impregnated with Cobalt and Molybdenum Oxides). | 52.3 | M3 | 3.07",Future_Procurement_Plan25-26.pdf
33,,95,"Chemicals, Catalyst & additives",555,Kg,0.92,"Chemicals, Catalyst & additives | Liquid oxidation catalyst for FCC Indmax Unit | 555 | Kg | 0.92",Future_Procurement_Plan25-26.pdf
33,,96,"Chemicals, Catalyst & additives",56,MT,7.34,"Chemicals, Catalyst & additives | Hydro treating catalyst for DHDS Unit | 56 | MT | 7.34",Future_Procurement_Plan25-26.pdf
33,,97,ISO-Octane,48,MT,1.29,ISO-Octane | 48 | MT | 1.29,Future_Procurement_Plan25-26.pdf
33,,98,Steel Conveyor Belt,1,No.,1.83,Steel Conveyor Belt | 1 | No. | 1.83,Future_Procurement_Plan25-26.pdf
33,,99,"Chemicals, Catalyst & additives",205,MT,6.86,"Chemicals, Catalyst & additives | Mineral Oil (White Oil) | 205 | MT | 6.86",Future_Procurement_Plan25-26.pdf
33,,100,"Chemicals, Catalyst & additives",14400,MT,76.73,"Chemicals, Catalyst & additives | Methanol | 14400 | MT | 76.73",Future_Procurement_Plan25-26.pdf
33,,101,"Chemicals, Catalyst & additives",7.5,MT,30.27,"Chemicals, Catalyst & additives | Poly Propylene Catalyst | 7.5 | MT | 30.27",Future_Procurement_Plan25-26.pdf
34,,102,"Chemicals, Catalyst & additives",220,MT,13.35,"Chemicals, Catalyst & additives | PD/ 2,4 Pentane dione | 220 | MT | 13.35",Future_Procurement_Plan25-26.pdf
34,,103,Service,1,No.,0.80,Service | Assay analysis of Fresh & Spent catalyst | 1 | No. | 0.80,Future_Procurement_Plan25-26.pdf
34,,104,"Chemicals, Catalyst & additives",50,MT,10.42,"Chemicals, Catalyst & additives | Nucleating Agent (HPNA) | 50 | MT | 10.42",Future_Procurement_Plan25-26.pdf
34,,105,"Chemicals, Catalyst & additives",18,MT,0.91,"Chemicals, Catalyst & additives | Mono 2 Ethyl Hexyl Amine | 18 | MT | 0.91",Future_Procurement_Plan25-26.pdf
34,,1,Strainer (Nos),,,,Strainer (Nos),Future_Procurement_Plan25-26.pdf
34,,2,Transfer Pump (Nos),,,,Transfer Pump (Nos),Future_Procurement_Plan25-26.pdf
34,,3,ACDB Panel (Nos),147,Nos.,19.27,ACDB Panel (Nos) | 147 | Nos. | 19.27,Future_Procurement_Plan25-26.pdf
34,,4,API 6D Ball Valves (Nos),644,Nos.,26.63,API 6D Ball Valves (Nos) | 644 | Nos. | 26.63,Future_Procurement_Plan25-26.pdf
34,,5,API 6D Valves (Nos),147,Nos.,9.35,API 6D Valves (Nos) | 147 | Nos. | 9.35,Future_Procurement_Plan25-26.pdf
34,,6,Ball Valve (Nos),72.60,Nos.,,Ball Valve (Nos) | 102 7 | Nos. | 72.60,Future_Procurement_Plan25-26.pdf
34,,7,Basket Strainer (Nos),60,Nos.,8.53,Basket Strainer (Nos) | 60 | Nos. | 8.53,Future_Procurement_Plan25-26.pdf
34,,8,Control valve (Nos),75,Nos.,14.76,Control valve (Nos) | 75 | Nos. | 14.76,Future_Procurement_Plan25-26.pdf
34,,9,EEE (Nos),6.13,Nos.,,EEE (Nos) | 15.0 0 | Nos. | 6.13,Future_Procurement_Plan25-26.pdf
34,,10,Emergency evacuation equipment (Nos),74,Nos.,23.98,Emergency evacuation equipment (Nos) | 74 | Nos. | 23.98,Future_Procurement_Plan25-26.pdf
34,,11,Engine Spares,16.80,Lot,,Engine Spares | Lot | Lot | 16.80,Future_Procurement_Plan25-26.pdf
34,,12,ER Probe(Nos),59,Nos.,7.67,ER Probe(Nos) | 59 | Nos. | 7.67,Future_Procurement_Plan25-26.pdf
34,,13,"F/F PUMP, Jockey pumps, water filling pumps(Nos)",0.00,,,"F/F PUMP, Jockey pumps, water filling pumps(Nos) | 0.00",Future_Procurement_Plan25-26.pdf
34,,14,Fire Fighting Pipes (km),0.07,Km,,Fire Fighting Pipes (km) | 0.17 5 | Km | 0.07,Future_Procurement_Plan25-26.pdf
34,,15,Fire Fighting Pump (Nos),3,Nos.,0.60,Fire Fighting Pump (Nos) | 3 | Nos. | 0.60,Future_Procurement_Plan25-26.pdf
34,,16,Flow Tee (Nos),99,Nos.,12.38,Flow Tee (Nos) | 99 | Nos. | 12.38,Future_Procurement_Plan25-26.pdf
34,,17,Globe Valve (Nos),74,Nos.,1.22,Globe Valve (Nos) | 74 | Nos. | 1.22,Future_Procurement_Plan25-26.pdf
34,,18,Heavy duty access Mats,6.23,Lot,,Heavy duty access Mats | Lot | Lo t | 6.23,Future_Procurement_Plan25-26.pdf
34,,19,High Mast(Nos),80,Nos.,9.59,High Mast(Nos) | 80 | Nos. | 9.59,Future_Procurement_Plan25-26.pdf
34,,20,HOT crane (Nos),8,Nos.,10.73,HOT crane (Nos) | 8 | Nos. | 10.73,Future_Procurement_Plan25-26.pdf
34,,21,HT Capacitor Panel(Nos),5,Nos.,0.76,HT Capacitor Panel(Nos) | 5 | Nos. | 0.76,Future_Procurement_Plan25-26.pdf
34,,22,HT Panel(Nos),5,Nos.,10.38,HT Panel(Nos) | 5 | Nos. | 10.38,Future_Procurement_Plan25-26.pdf
34,,23,HT/LT/Control cables(km),830,Km,1.82,HT/LT/Control cables(km) | 830 | Km | 1.82,Future_Procurement_Plan25-26.pdf
34,,24,"Instrumentation, Control & SCADA System (Nos)",10,Nos.,13.81,"Instrumentation, Control & SCADA System (Nos) | 10 | Nos. | 13.81",Future_Procurement_Plan25-26.pdf
34,,25,Insulating coupling (Nos),556,Nos.,4.60,Insulating coupling (Nos) | 556 | Nos. | 4.60,Future_Procurement_Plan25-26.pdf
34,,26,Jockey pump (Nos),2,Nos.,0.05,Jockey pump (Nos) | 2 | Nos. | 0.05,Future_Procurement_Plan25-26.pdf
34,,27,LT DG(Nos),185,Nos.,4.55,LT DG(Nos) | 185 | Nos. | 4.55,Future_Procurement_Plan25-26.pdf
34,,28,LT Panel(Nos),38,Nos.,6.00,LT Panel(Nos) | 38 | Nos. | 6.00,Future_Procurement_Plan25-26.pdf
34,,29,Mainline pumping Unit (Nos),22,Nos.,67.81,Mainline pumping Unit (Nos) | 22 | Nos. | 67.81,Future_Procurement_Plan25-26.pdf
34,,30,Marine Hoses for SPM,96.00,Nos.,,Marine Hoses for SPM | Nos. | 96.00,Future_Procurement_Plan25-26.pdf
34,,31,Mechanical Pipe End connector+ Standard/Long seal Leak clamps+ Encapsulating Leak Clamps,4.1,Nos.,,Mechanical Pipe End connector+ Standard/Long seal Leak clamps+ Encapsulating Leak Clamps | Nos. | 4.1,Future_Procurement_Plan25-26.pdf
34,,32,"Metering skid assembly (consisiting of Filtration, Metering and Pressure Reduction units) of various sizes for providing connectivity to CGD Entities from Gas pipelines and augmentation of existing",4,Nos.,9.1,"Metering skid assembly (consisiting of Filtration, Metering and Pressure Reduction units) of various sizes for providing connectivity to CGD Entities from Gas pipelines and augmentation of existing | 4 | Nos. | 9.1",Future_Procurement_Plan25-26.pdf
35,,33,Metering Skid Ph-III(Nos),8,Nos.,43.04,Metering Skid Ph-III(Nos) | 8 | Nos. | 43.04,Future_Procurement_Plan25-26.pdf
35,,34,Metering Skid(Nos),4,Nos.,27.85,Metering Skid(Nos) | 4 | Nos. | 27.85,Future_Procurement_Plan25-26.pdf
35,,35,Misc. fire fighting equipment (Nos),47,Nos.,27.90,Misc. fire fighting equipment (Nos) | 47 | Nos. | 27.90,Future_Procurement_Plan25-26.pdf
35,,36,NRPL Mainline pumping unit Replacement,,,,NRPL Mainline pumping unit Replacement,Future_Procurement_Plan25-26.pdf
35,,37,Other Marine Spares,10.18,Nos.,,Other Marine Spares | Nos. | 10.18,Future_Procurement_Plan25-26.pdf
35,,38,pipe fitting(Nos),1.62,Nos.,,pipe fitting(Nos) | 1273 00 | Nos. | 1.62,Future_Procurement_Plan25-26.pdf
35,,39,Pipe (km),134.03,Nos.,,Pipe (km) | 146. 1 | Nos. | 134.03,Future_Procurement_Plan25-26.pdf
35,,40,Remote operated Valve (Nos),23,Nos.,1.92,Remote operated Valve (Nos) | 23 | Nos. | 1.92,Future_Procurement_Plan25-26.pdf
35,,41,Scrapper Barrel,72,Nos.,12.46,Scrapper Barrel | 72 | Nos. | 12.46,Future_Procurement_Plan25-26.pdf
35,,42,Separator Filter (Nos),2,Nos.,3.24,Separator Filter (Nos) | 2 | Nos. | 3.24,Future_Procurement_Plan25-26.pdf
35,,43,"Small size (<4"") misc. valve (Nos)",103,Nos.,5.18,"Small size (<4"") misc. valve (Nos) | 103 | Nos. | 5.18",Future_Procurement_Plan25-26.pdf
35,,44,SRV (Nos),1,Nos.,0.17,SRV (Nos) | 1 | Nos. | 0.17,Future_Procurement_Plan25-26.pdf
35,,45,Station pipes(km),2.3,Nos.,3.53,Station pipes(km) | 2.3 | Nos. | 3.53,Future_Procurement_Plan25-26.pdf
35,,46,Steel Pipe (KM),2352.00,Km,,Steel Pipe (KM) | 207 8 | Km | 2352.00,Future_Procurement_Plan25-26.pdf
35,,47,Steel Plate (MT),10.92,Nos.,,Steel Plate (MT) | 168 0 | Nos. | 10.92,Future_Procurement_Plan25-26.pdf
35,,48,sump pump and tank (Nos),1,Nos.,0.16,sump pump and tank (Nos) | 1 | Nos. | 0.16,Future_Procurement_Plan25-26.pdf
35,,49,Swing check valve (Nos),100,Nos.,2.62,Swing check valve (Nos) | 100 | Nos. | 2.62,Future_Procurement_Plan25-26.pdf
35,,50,"Telecom System (comprising of DC power, Networking system, CCTV system, Telephone system, OFC, HDPE, etc.)(Nos)",10,Nos.,113.34,"Telecom System (comprising of DC power, Networking system, CCTV system, Telephone system, OFC, HDPE, etc.)(Nos) | 10 | Nos. | 113.34",Future_Procurement_Plan25-26.pdf
35,,51,Transformer(Nos),10,Nos.,74.52,Transformer(Nos) | 10 | Nos. | 74.52,Future_Procurement_Plan25-26.pdf
35,,52,Vadinar SPM Replacement project 1. Buoy & accessaries 2. Concrete Coated Pipe,,Nos.,,Vadinar SPM Replacement project 1. Buoy & accessaries 2. Concrete Coated Pipe | Nos.,Future_Procurement_Plan25-26.pdf
35,,53,Valves,5,Lot,,Valves | Lot | Lot | 5,Future_Procurement_Plan25-26.pdf
35,,54,VALVES of all types(Nos),,Nos.,,VALVES of all types(Nos) | Nos.,Future_Procurement_Plan25-26.pdf
35,,55,VFD (Nos),15,Nos.,24.00,VFD (Nos) | 15 | Nos. | 24.00,Future_Procurement_Plan25-26.pdf
35,,56,Anti-Chafe Chains for Vadinar,14,No,0.97,Anti-Chafe Chains for Vadinar | 14 | No | 0.97,Future_Procurement_Plan25-26.pdf
35,,57,Subsea Hoses for Paradip SPM-I,2,No,0.84,Subsea Hoses for Paradip SPM-I | 2 | No | 0.84,Future_Procurement_Plan25-26.pdf
35,,1,LPG Pump,14,Nos.,10.34,LPG Pump | 14 | Nos. | 10.34,Future_Procurement_Plan25-26.pdf
35,,2,LPG Compressor,14,Nos.,6.77,LPG Compressor | 14 | Nos. | 6.77,Future_Procurement_Plan25-26.pdf
35,,3,Air Compressor,15,Nos.,2.30,Air Compressor | 15 | Nos. | 2.30,Future_Procurement_Plan25-26.pdf
35,,4,Air Dryer,4,Nos.,0.77,Air Dryer | 4 | Nos. | 0.77,Future_Procurement_Plan25-26.pdf
35,,5,DG Set,7,Nos.,3.47,DG Set | 7 | Nos. | 3.47,Future_Procurement_Plan25-26.pdf
35,,6,Fire Engine,14,Nos.,1.92,Fire Engine | 14 | Nos. | 1.92,Future_Procurement_Plan25-26.pdf
35,,7,Valve change without Evacuation Machine,4,Nos.,1.12,Valve change without Evacuation Machine | 4 | Nos. | 1.12,Future_Procurement_Plan25-26.pdf
35,,8,LPG Loading arm,16,Nos.,0.53,LPG Loading arm | 16 | Nos. | 0.53,Future_Procurement_Plan25-26.pdf
35,,9,Carousel,20,Nos.,70.80,Carousel | 20 | Nos. | 70.80,Future_Procurement_Plan25-26.pdf
35,,10,Computers,200,Nos.,1.20,Computers | 200 | Nos. | 1.20,Future_Procurement_Plan25-26.pdf
35,,11,Additive dosing machines,50,Nos.,10.80,Additive dosing machines | 50 | Nos. | 10.80,Future_Procurement_Plan25-26.pdf
35,,12,Carousal Cards in Nos.,360,Nos.,3.02,Carousal Cards in Nos. | 360 | Nos. | 3.02,Future_Procurement_Plan25-26.pdf
35,,13,Mech Seals (Refurbishing) Nos.for LPG Pump,93,Nos.,3.35,Mech Seals (Refurbishing) Nos.for LPG Pump | 93 | Nos. | 3.35,Future_Procurement_Plan25-26.pdf
36,,14,Mech Seals New in Nos. for LPG Pump,20,Nos.,1.92,Mech Seals New in Nos. for LPG Pump | 20 | Nos. | 1.92,Future_Procurement_Plan25-26.pdf
36,,15,Valves / Flanges / Gaskets / Spares in Nos.,270,Nos.,8.10,Valves / Flanges / Gaskets / Spares in Nos. | 270 | Nos. | 8.10,Future_Procurement_Plan25-26.pdf
36,,16,Cables (Control / Power) in RMs,0.50,Nos.,,Cables (Control / Power) in RMs | 2790 0 | Nos. | 0.50,Future_Procurement_Plan25-26.pdf
36,,17,Pressure / Temp Transmitters/Gauges in Nos.,186,Nos.,2.23,Pressure / Temp Transmitters/Gauges in Nos. | 186 | Nos. | 2.23,Future_Procurement_Plan25-26.pdf
36,,18,Fire Engine / DG / DC Batteries in Nos.,3100,Nos.,5.58,Fire Engine / DG / DC Batteries in Nos. | 3100 | Nos. | 5.58,Future_Procurement_Plan25-26.pdf
36,,19,Conveyor Chain in RM,6.55,Nos.,,Conveyor Chain in RM | 4550 0 | Nos. | 6.55,Future_Procurement_Plan25-26.pdf
36,,20,Air Ends of Screw Compressors,37,Nos.,2.22,Air Ends of Screw Compressors | 37 | Nos. | 2.22,Future_Procurement_Plan25-26.pdf
36,,21,Spares (Filters & Accessories) Air Comp in Nos.,465,Nos.,1.39,Spares (Filters & Accessories) Air Comp in Nos. | 465 | Nos. | 1.39,Future_Procurement_Plan25-26.pdf
36,,22,LPG Vap Comp Seals / valves / Plates,279,Nos.,1.01,LPG Vap Comp Seals / valves / Plates | 279 | Nos. | 1.01,Future_Procurement_Plan25-26.pdf
36,,23,Lights and Fixtures / Bulbs / glands / JBs / Switches,9300,Nos.,1.12,Lights and Fixtures / Bulbs / glands / JBs / Switches | 9300 | Nos. | 1.12,Future_Procurement_Plan25-26.pdf
36,,24,Relays / Fuses,4650,Nos.,1.12,Relays / Fuses | 4650 | Nos. | 1.12,Future_Procurement_Plan25-26.pdf
36,,25,Printer Cartridges,558,Nos.,0.34,Printer Cartridges | 558 | Nos. | 0.34,Future_Procurement_Plan25-26.pdf
36,,26,Sprockets / Cylinders / Shafts / wearing strips / Pneumatic tubing / connectors,3.72,Nos.,,Sprockets / Cylinders / Shafts / wearing strips / Pneumatic tubing / connectors | 1860 0 | Nos. | 3.72,Future_Procurement_Plan25-26.pdf
36,,27,Misc Spares /Car (sensors / connectors / cables etc),186,Nos.,2.23,Misc Spares /Car (sensors / connectors / cables etc) | 186 | Nos. | 2.23,Future_Procurement_Plan25-26.pdf
36,,28,TLD / TLF Spares,744,Nos.,2.23,TLD / TLF Spares | 744 | Nos. | 2.23,Future_Procurement_Plan25-26.pdf
36,,29,Structural steel for Conv / Misc Works in MT,400,Nos.,1.82,Structural steel for Conv / Misc Works in MT | 400 | Nos. | 1.82,Future_Procurement_Plan25-26.pdf
36,,30,Diesel / Fire Engine Spares / filters / glands,651,Nos.,5.47,Diesel / Fire Engine Spares / filters / glands | 651 | Nos. | 5.47,Future_Procurement_Plan25-26.pdf
36,,31,Spares for Level gauges / transmitters,279,Nos.,3.35,Spares for Level gauges / transmitters | 279 | Nos. | 3.35,Future_Procurement_Plan25-26.pdf
36,,32,Fire / SCADA / GMS Panel Spares / MIMIC / sensors / transmitter,279,Nos.,1.395,Fire / SCADA / GMS Panel Spares / MIMIC / sensors / transmitter | 279 | Nos. | 1.395,Future_Procurement_Plan25-26.pdf
36,,33,CCTV spares / modules,93,Nos.,1.67,CCTV spares / modules | 93 | Nos. | 1.67,Future_Procurement_Plan25-26.pdf
36,,34,Load cells for weigh bridges / weighing scales / carousals,900,Nos.,2.70,Load cells for weigh bridges / weighing scales / carousals | 900 | Nos. | 2.70,Future_Procurement_Plan25-26.pdf
36,,35,Centering Arms of carousals,2250,Nos.,0.32,Centering Arms of carousals | 2250 | Nos. | 0.32,Future_Procurement_Plan25-26.pdf
36,,1,14.2 Kg Cylinders (Including New & Replacement),1686.32,Nos.,,14.2 Kg Cylinders (Including New & Replacement) | 110000 00 | Nos. | 1686.32,Future_Procurement_Plan25-26.pdf
36,,2,19 Kg Cylinders (Including New & Replacement),168.05,Nos.,,19 Kg Cylinders (Including New & Replacement) | 90000 0 | Nos. | 168.05,Future_Procurement_Plan25-26.pdf
36,,3,47.5 Kg Cylinders (Including New & Replacement),23.11,Nos.,,47.5 Kg Cylinders (Including New & Replacement) | 5000 0 | Nos. | 23.11,Future_Procurement_Plan25-26.pdf
36,,4,5 Kg Cylinders (Including New & Replacement),208.01,Nos.,,5 Kg Cylinders (Including New & Replacement) | 200000 0 | Nos. | 208.01,Future_Procurement_Plan25-26.pdf
36,,5,425 KG Cylinders,3000,Nos.,23.71,425 KG Cylinders | 3000 | Nos. | 23.71,Future_Procurement_Plan25-26.pdf
36,,6,Pressure Regulators,130.38,Nos.,,Pressure Regulators | 750000 0 | Nos. | 130.38,Future_Procurement_Plan25-26.pdf
36,,7,Self Closing Valve,199.20,Nos.,,Self Closing Valve | 198000 00 | Nos. | 199.20,Future_Procurement_Plan25-26.pdf
37,,1,Synthetic base oil Poly alfa olefin 6 CST,600,MT,15.89,Synthetic base oil Poly alfa olefin 6 CST | 600 | MT | 15.89,Future_Procurement_Plan25-26.pdf
37,,2,ST5014 (Lithium Hydroxide Monohydrate),325,MT,22.68,ST5014 (Lithium Hydroxide Monohydrate) | 325 | MT | 22.68,Future_Procurement_Plan25-26.pdf
37,,3,ST56058 (PIB 1000),2601,MT,32.18,ST56058 (PIB 1000) | 2601 | MT | 32.18,Future_Procurement_Plan25-26.pdf
37,,4,"Synthetic base oil Poly alfa olefin 100 CST, PAO 100(ST 55580)",300,MT,12.95,"Synthetic base oil Poly alfa olefin 100 CST, PAO 100(ST 55580) | 300 | MT | 12.95",Future_Procurement_Plan25-26.pdf
37,,5,PIB of higher molecular wt.(ST 56032/ST 56036),306,MT,4.88,PIB of higher molecular wt.(ST 56032/ST 56036) | 306 | MT | 4.88,Future_Procurement_Plan25-26.pdf
37,,6,"Synthetic base oil Poly alfa olefin 4 CST, PAO 40(ST 55578)",317,MT,12.85,"Synthetic base oil Poly alfa olefin 4 CST, PAO 40(ST 55578) | 317 | MT | 12.85",Future_Procurement_Plan25-26.pdf
37,,1,Marine Hoses,60,Nos,24,Marine Hoses | 60 | Nos | 24,Future_Procurement_Plan25-26.pdf
37,,1,Vessels/Drums/Tanks,427,Nos.,342.39,Vessels/Drums/Tanks | 427 | Nos. | 342.39,Future_Procurement_Plan25-26.pdf
37,,3,Reactors,64,Nos.,299.32,Reactors | 64 | Nos. | 299.32,Future_Procurement_Plan25-26.pdf
37,,4,Column/Column Internals/Column Modification,117,Nos.,381.85,Column/Column Internals/Column Modification | 117 | Nos. | 381.85,Future_Procurement_Plan25-26.pdf
37,,5,Heat Ex/Air coolers/Fin Fan Coolers,486,Nos.,692.93,Heat Ex/Air coolers/Fin Fan Coolers | 486 | Nos. | 692.93,Future_Procurement_Plan25-26.pdf
37,,6,Filters,1,Nos.,0.08,Filters | 1 | Nos. | 0.08,Future_Procurement_Plan25-26.pdf
37,,7,"Instrumentation items (DCS, PLC, Analyser,,sensors,, Flowmeter,Transmitter etc.)",71.05,LOT,,"Instrumentation items (DCS, PLC, Analyser,,sensors,, Flowmeter,Transmitter etc.) | LOT | LOT | 71.05",Future_Procurement_Plan25-26.pdf
37,,8,Instrument Cables,27.44,LOT,,Instrument Cables | LOT | LOT | 27.44,Future_Procurement_Plan25-26.pdf
37,,9,"Electrical Items (Transformer, Switchboard,Switch gears, HV/MV Boards,Motors,Hoist,PFIC Panel,VFD,Genset)",69.40,LOT,,"Electrical Items (Transformer, Switchboard,Switch gears, HV/MV Boards,Motors,Hoist,PFIC Panel,VFD,Genset) | LOT | LOT | 69.40",Future_Procurement_Plan25-26.pdf
37,,10,Electrical Cables,45.94,LOT,,Electrical Cables | LOT | LOT | 45.94,Future_Procurement_Plan25-26.pdf
37,,11,Compressors/Blowers/Fans,38,Nos.,354.86,Compressors/Blowers/Fans | 38 | Nos. | 354.86,Future_Procurement_Plan25-26.pdf
37,,12,Heaters & Stacks,29,Nos.,409.20,Heaters & Stacks | 29 | Nos. | 409.20,Future_Procurement_Plan25-26.pdf
37,,13,Bulk (Pipe/Fittings/Flanges/Valve),193.72,LOT,,Bulk (Pipe/Fittings/Flanges/Valve) | LOT | LOT | 193.72,Future_Procurement_Plan25-26.pdf
37,,14,"Package Items (HVAC, ETP, Refrigeration ,Cooling Tower, DI Guard, Chlorine Injection, Chemical Injection, Side Stream Filter, Ehylene BOG, TEG Barelling, Flare, Communication Mgmt Sytem, Nitrogen Cooling System, Control Monitoring System, Ambience Air Monitoring system, PCK metering Skid, Cathodic Protection System, FDAS system, CCTV,",1735.93,LOT,,"Package Items (HVAC, ETP, Refrigeration ,Cooling Tower, DI Guard, Chlorine Injection, Chemical Injection, Side Stream Filter, Ehylene BOG, TEG Barelling, Flare, Communication Mgmt Sytem, Nitrogen Cooling System, Control Monitoring System, Ambience Air Monitoring system, PCK metering Skid, Cathodic Protection System, FDAS system, CCTV, | LOT | LOT | 1735.93",Future_Procurement_Plan25-26.pdf
38,,15,"Fire Fighting system/equipment/package , Foam Concentrate, Manual & Remote Operated High Volume Longe Range Monitor with Accessories",10.00,LOT,,"Fire Fighting system/equipment/package , Foam Concentrate, Manual & Remote Operated High Volume Longe Range Monitor with Accessories | LOT | LOT | 10.00",Future_Procurement_Plan25-26.pdf
38,,16,Incinerator & Instr. Components,,Nos.,,Incinerator & Instr. Components | - | Nos. | -,Future_Procurement_Plan25-26.pdf
38,,17,"Mech items :EOT Crane, Forklift,Weigh Bridge, Industrial Lift, Belt & Screw conveyors/Dock leveller",16,Nos.,2.00,"Mech items :EOT Crane, Forklift,Weigh Bridge, Industrial Lift, Belt & Screw conveyors/Dock leveller | 16 | Nos. | 2.00",Future_Procurement_Plan25-26.pdf
38,,18,Steam Turbine,1,Nos.,50,Steam Turbine | 1 | Nos. | 50,Future_Procurement_Plan25-26.pdf
38,,19,Rotary Valves/Safety Valves/Control Valves/On-off Valves/Emergency Vent Valves/Shutdown Valves,4.72,LOT,,Rotary Valves/Safety Valves/Control Valves/On-off Valves/Emergency Vent Valves/Shutdown Valves | LOT | LOT | 4.72,Future_Procurement_Plan25-26.pdf
38,,20,Mixers & Agitators,35,Nos.,226,Mixers & Agitators | 35 | Nos. | 226,Future_Procurement_Plan25-26.pdf
38,,21,Driers,,,,Driers | - | -,Future_Procurement_Plan25-26.pdf
38,,22,Separators,,,,Separators | - | -,Future_Procurement_Plan25-26.pdf
38,,23,Boiler,,,,Boiler | - | -,Future_Procurement_Plan25-26.pdf
38,,24,Lab Equipment,,,,Lab Equipment | - | -,Future_Procurement_Plan25-26.pdf
38,,25,Pig Launcher & Pig Receiver,,,,Pig Launcher & Pig Receiver | - | -,Future_Procurement_Plan25-26.pdf
38,,26,Marine Loading Arm,,,,Marine Loading Arm | - | -,Future_Procurement_Plan25-26.pdf
38,,27,Inert Ceramic balls,,,,Inert Ceramic balls | - | -,Future_Procurement_Plan25-26.pdf
38,,28,Sample Coolers (PI) & Sample Bombs (PE),,,,Sample Coolers (PI) & Sample Bombs (PE) | - | -,Future_Procurement_Plan25-26.pdf
38,,29,Mounded Bullet,5,Nos.,66,Mounded Bullet | 5 | Nos. | 66,Future_Procurement_Plan25-26.pdf
38,,30,Spare Components (Compressor/Pumps/Feed Coalescer),10.82,LOT,,Spare Components (Compressor/Pumps/Feed Coalescer) | LOT | LOT | 10.82,Future_Procurement_Plan25-26.pdf
38,,31,Miscellaneous items (including FR approved project),826.89,LOT,,Miscellaneous items (including FR approved project) | LOT | LOT | 826.89,Future_Procurement_Plan25-26.pdf
38,,32,API 610 Centrifugal Pump,4,No.,25,API 610 Centrifugal Pump | 4 | No. | 25,Future_Procurement_Plan25-26.pdf
38,,33,Venturi type Steam Trap,8,Nos,1,Venturi type Steam Trap | 8 | Nos | 1,Future_Procurement_Plan25-26.pdf
38,,34,Bottom mounted constant spring support,24,Nos,2.3,Bottom mounted constant spring support | 24 | Nos | 2.3,Future_Procurement_Plan25-26.pdf
38,,35,CLARIANT OleMax 101 (8mm Spheres),62588,,45,CLARIANT OleMax 101 (8mm Spheres) | 62588 | Kgs | 45,Future_Procurement_Plan25-26.pdf
38,,36,Treater Adsorbent,1,Lot,12,Treater Adsorbent | 1 | Lot | 12,Future_Procurement_Plan25-26.pdf
38,,37,Chloride Guard Bed Adsorbent,1,Lot,0.72,Chloride Guard Bed Adsorbent | 1 | Lot | 0.72,Future_Procurement_Plan25-26.pdf
38,,38,Dryer treater Adsorbent,1,Lot,8,Dryer treater Adsorbent | 1 | Lot | 8,Future_Procurement_Plan25-26.pdf
38,,39,Automatic Storage & Retrieval System for Petrochemical Warehouse,1,Set,198,Automatic Storage & Retrieval System for Petrochemical Warehouse | 1 | Set | 198,Future_Procurement_Plan25-26.pdf
38,,40,Burner for Process heaters,4,Set,30,Burner for Process heaters | 4 | Set | 30,Future_Procurement_Plan25-26.pdf
38,,41,Oxygen Analyser,3,Nos.,1,Oxygen Analyser | 3 | Nos. | 1,Future_Procurement_Plan25-26.pdf
38,,42,Plant Lift (Hazardous area & Flameproof),1,No.,5,Plant Lift (Hazardous area & Flameproof) | 1 | No. | 5,Future_Procurement_Plan25-26.pdf
39,,43,"H2S Analyser, H2/COS Analyser",1,No.,2,"H2S Analyser, H2/COS Analyser | 1 | No. | 2",Future_Procurement_Plan25-26.pdf
39,,44,H2S Analyser in Sulphur recovery Tail Gas Analyser in Sulphur recovery unit Analyser in Stack & Ambient air quality measurement for Sox,1,No.,2.5,H2S Analyser in Sulphur recovery Tail Gas Analyser in Sulphur recovery unit Analyser in Stack & Ambient air quality measurement for Sox | 1 | No. | 2.5,Future_Procurement_Plan25-26.pdf
39,,45,"Water Quality Analyzers like COD, BOD, Turbidity, TOC.",14,Nos.,5,"Water Quality Analyzers like COD, BOD, Turbidity, TOC. | 14 | Nos. | 5",Future_Procurement_Plan25-26.pdf
39,,46,Vibration Monitoring System,2,Nos.,5,Vibration Monitoring System | 2 | Nos. | 5,Future_Procurement_Plan25-26.pdf
39,,47,Analyser in Stack & ambient air quality measurement for PM2.5 / PM10,2,Nos.,0.1,Analyser in Stack & ambient air quality measurement for PM2.5 / PM10 | 2 | Nos. | 0.1,Future_Procurement_Plan25-26.pdf
39,,48,Bagging and Pelletizing Plant,4,Nos.,35,Bagging and Pelletizing Plant | 4 | Nos. | 35,Future_Procurement_Plan25-26.pdf
39,,49,"Check Valves (exotic metallurgy, dual plate, swing type, duplex)",14,Nos.,1,"Check Valves (exotic metallurgy, dual plate, swing type, duplex) | 14 | Nos. | 1",Future_Procurement_Plan25-26.pdf
39,,50,"Reactor Internals (of Proprietary profile wire and baffle with MOC - SS 347 for PX-PTA Expansion project, Panipat)",1,Lot,0.5,"Reactor Internals (of Proprietary profile wire and baffle with MOC - SS 347 for PX-PTA Expansion project, Panipat) | 1 | Lot | 0.5",Future_Procurement_Plan25-26.pdf
39,,51,"BALL VALVES of Duplex, Alloy 276",50,Nos.,3.5,"BALL VALVES of Duplex, Alloy 276 | 50 | Nos. | 3.5",Future_Procurement_Plan25-26.pdf
39,,52,"Know-how, Process Package, Proprietary Equipment (if any) and other services for the Bitumen Manufacturing Unit",2,No.,32,"Know-how, Process Package, Proprietary Equipment (if any) and other services for the Bitumen Manufacturing Unit | 2 | No. | 32",Future_Procurement_Plan25-26.pdf
39,,53,Gas Chromatograph,1,No.,1.60,Gas Chromatograph | 1 | No. | 1.60,Future_Procurement_Plan25-26.pdf
39,,54,EXTRUSION AND PELLETIZING UNIT (22-PK-3851),1,Package,120,EXTRUSION AND PELLETIZING UNIT (22-PK-3851) | 1 | Package | 120,Future_Procurement_Plan25-26.pdf
39,,55,"Supply of License, Basic Engineering Design Package, Catalyst(s), Proprietary Items (if any) and Other Services for Cracked LPG (CR LPG) Treater Unit at Panipat Refinery",1,Package,16.79,"Supply of License, Basic Engineering Design Package, Catalyst(s), Proprietary Items (if any) and Other Services for Cracked LPG (CR LPG) Treater Unit at Panipat Refinery | 1 | Package | 16.79",Future_Procurement_Plan25-26.pdf
39,,56,"Steam turbine driven (single stream) Air Blower package (412-K-1001)' along with accessories, auxiliaries, control panel(s), all instrumentation and controls, mandatory spares, commissioning spares and special tools & tackles.",1,Package,135,"Steam turbine driven (single stream) Air Blower package (412-K-1001)' along with accessories, auxiliaries, control panel(s), all instrumentation and controls, mandatory spares, commissioning spares and special tools & tackles. | 1 | Package | 135",Future_Procurement_Plan25-26.pdf
39,,57,"Supply of “License Know How, Basic Design Engineering Package (BDEP) and assistive services for Maleic Anhydride (MAH) based Butane Diol- Tetrahydrofuran (BDO-THF) unit at Panipat Refinery & Petrochemical Complex, Panipat”",1,Package,178.49,"Supply of “License Know How, Basic Design Engineering Package (BDEP) and assistive services for Maleic Anhydride (MAH) based Butane Diol- Tetrahydrofuran (BDO-THF) unit at Panipat Refinery & Petrochemical Complex, Panipat” | 1 | Package | 178.49",Future_Procurement_Plan25-26.pdf
39,,1,Pump Spares,49,Lot,,Pump Spares | Lot | 49,Future_Procurement_Plan25-26.pdf
39,,2,Mechanical Seal Spares,58,Lot,,Mechanical Seal Spares | Lot | 58,Future_Procurement_Plan25-26.pdf
39,,3,Bearings,5,Lot,,Bearings | Lot | 5,Future_Procurement_Plan25-26.pdf
39,,4,Turbine Spares,119,Lot,,Turbine Spares | Lot | 119,Future_Procurement_Plan25-26.pdf
40,,5,Steam Engine Spares,1,Lot,,Steam Engine Spares | Lot | 1,Future_Procurement_Plan25-26.pdf
40,,6,Furnace Spares,15,Lot,,Furnace Spares | Lot | 15,Future_Procurement_Plan25-26.pdf
40,,7,Compressor Spares,62,Lot,,Compressor Spares | Lot | 62,Future_Procurement_Plan25-26.pdf
40,,8,Fan & Blower Spares,7,Lot,,Fan & Blower Spares | Lot | 7,Future_Procurement_Plan25-26.pdf
40,,9,Agitator & Mixer Spares,2,Lot,,Agitator & Mixer Spares | Lot | 2,Future_Procurement_Plan25-26.pdf
40,,10,"ETP, LPG Plant Equipment Spares",12,Lot,,"ETP, LPG Plant Equipment Spares | Lot | 12",Future_Procurement_Plan25-26.pdf
40,,11,Air Conditioner Spares,2,Lot,,Air Conditioner Spares | Lot | 2,Future_Procurement_Plan25-26.pdf
40,,12,Heat Exchanger Spares,47,Lot,,Heat Exchanger Spares | Lot | 47,Future_Procurement_Plan25-26.pdf
40,,13,Column/ Reactor Spares,35,Lot,,Column/ Reactor Spares | Lot | 35,Future_Procurement_Plan25-26.pdf
40,,14,Pipe & Pipe Fittings,130,Lot,,Pipe & Pipe Fittings | Lot | 130,Future_Procurement_Plan25-26.pdf
40,,15,Gear Box Spares,9,Lot,,Gear Box Spares | Lot | 9,Future_Procurement_Plan25-26.pdf
40,,16,Motor Spares,4,Lot,,Motor Spares | Lot | 4,Future_Procurement_Plan25-26.pdf
40,,17,"Transformer, Battery, Switch Gear, Cable, Lamp etc. Spares",82,Lot,,"Transformer, Battery, Switch Gear, Cable, Lamp etc. Spares | Lot | 82",Future_Procurement_Plan25-26.pdf
40,,18,Liquid oxidation Catalyst for spent caustic regeneration,1.5,MT,2.18,Liquid oxidation Catalyst for spent caustic regeneration | 1.5 | MT | 2.18,Future_Procurement_Plan25-26.pdf
40,,19,"Anti Oxidant (AO 1010) Pentaerythritol tetrakis(3-(3,5- di-tert- butyl-4- hydroxyphenyl)propionate)",980,MT,36.42,"Anti Oxidant (AO 1010) Pentaerythritol tetrakis(3-(3,5- di-tert- butyl-4- hydroxyphenyl)propionate) | 980 | MT | 36.42",Future_Procurement_Plan25-26.pdf
40,,20,Anti Oxidant AO 168/ AO9,1565,MT,38.10,Anti Oxidant AO 168/ AO9 | 1565 | MT | 38.10,Future_Procurement_Plan25-26.pdf
40,,21,"AO1076 (Octadecyl β – (3,5-di- tert -butyl-4-hydroxy phenyl)- propionate",96,MT,3.8,"AO1076 (Octadecyl β – (3,5-di- tert -butyl-4-hydroxy phenyl)- propionate | 96 | MT | 3.8",Future_Procurement_Plan25-26.pdf
40,,22,ATF Merox Catalyst - Pre impregnated activated charcoal,36,,0.81,ATF Merox Catalyst - Pre impregnated activated charcoal | 36 | M3 | 0.81,Future_Procurement_Plan25-26.pdf
40,,23,Benzene hydrogenation catalyst for ISOM unit,2.1,MT,2.55,Benzene hydrogenation catalyst for ISOM unit | 2.1 | MT | 2.55,Future_Procurement_Plan25-26.pdf
40,,24,CAB catalyst,16,MT,2.65,CAB catalyst | 16 | MT | 2.65,Future_Procurement_Plan25-26.pdf
40,,25,CAB-2 catalyst (Blend of vanadium oxytrichloride & titanium tetrachloride 50/50),31,MT,4.65,CAB-2 catalyst (Blend of vanadium oxytrichloride & titanium tetrachloride 50/50) | 31 | MT | 4.65,Future_Procurement_Plan25-26.pdf
40,,26,Carbon Monoxide (CO) promoter catalyst additive for FCC Unit,16,MT,5.87,Carbon Monoxide (CO) promoter catalyst additive for FCC Unit | 16 | MT | 5.87,Future_Procurement_Plan25-26.pdf
40,,27,Catalyst for DCU LPG Merox Unit,547,,0.28,Catalyst for DCU LPG Merox Unit | 547 | L | 0.28,Future_Procurement_Plan25-26.pdf
40,,28,Hindered amine light stabilizer (HALS) - Chimassorb 944,9,MT,0.93,Hindered amine light stabilizer (HALS) - Chimassorb 944 | 9 | MT | 0.93,Future_Procurement_Plan25-26.pdf
40,,29,Claus Catalyst (Al based),151.2,,1.45,Claus Catalyst (Al based) | 151.2 | M3 | 1.45,Future_Procurement_Plan25-26.pdf
40,,30,Claus Catalyst charge for Sulphur Recovery Unit (SRU),22,,0.71,Claus Catalyst charge for Sulphur Recovery Unit (SRU) | 22 | M3 | 0.71,Future_Procurement_Plan25-26.pdf
40,,31,Chloride guard adsorbent for Continuous Catalytic Reforming Unit (CCRU) stabilizer feed,30.5,MT,0.9,Chloride guard adsorbent for Continuous Catalytic Reforming Unit (CCRU) stabilizer feed | 30.5 | MT | 0.9,Future_Procurement_Plan25-26.pdf
40,,32,2-Hydroxy-4-n- octoxybenzophenone (Cyasorb 531/ UV-1),6,MT,0.75,2-Hydroxy-4-n- octoxybenzophenone (Cyasorb 531/ UV-1) | 6 | MT | 0.75,Future_Procurement_Plan25-26.pdf
42,,57,ZSM-5 catalyst,100,MT,8.74,ZSM-5 catalyst | 100 | MT | 8.74,Future_Procurement_Plan25-26.pdf
42,,58,Primary Reference Fuel (PRF) {ISO-Octane & n heptane},880,Kg,0.11,Primary Reference Fuel (PRF) {ISO-Octane & n heptane} | 880 | Kg | 0.11,Future_Procurement_Plan25-26.pdf
42,,59,ATF (Aviation Turbine fuel) Merox catalyst – Pre impregnated activated charcoal,36,,0.81,ATF (Aviation Turbine fuel) Merox catalyst – Pre impregnated activated charcoal | 36 | M3 | 0.81,Future_Procurement_Plan25-26.pdf
42,,60,DSTDP (distearyl thiodipropionate) - acts as a secondary antioxidant for PP polymers.,65,MT,2.30,DSTDP (distearyl thiodipropionate) - acts as a secondary antioxidant for PP polymers. | 65 | MT | 2.30,Future_Procurement_Plan25-26.pdf
42,,61,Speciality Grease - Mixture of higher paraffin hydrocarbon used as catalyst protection in Spheripol PP technology for production of Polypropylene.,15,MT,0.40,Speciality Grease - Mixture of higher paraffin hydrocarbon used as catalyst protection in Spheripol PP technology for production of Polypropylene. | 15 | MT | 0.40,Future_Procurement_Plan25-26.pdf
42,,62,Magnesium Aluminium Hydroxide Carbonate Hydrate (DHT 4A/Hycite 713 ) -used in reaction for acid scavenging in polymer production and processing systems.,85,MT,1.80,Magnesium Aluminium Hydroxide Carbonate Hydrate (DHT 4A/Hycite 713 ) -used in reaction for acid scavenging in polymer production and processing systems. | 85 | MT | 1.80,Future_Procurement_Plan25-26.pdf
42,,63,Alkyl Amine Ethoxylate ( ATMER 163 ) - for neutralization of Catalyst & Co catalyst and works as anti- static agent.,107,MT,5.06,Alkyl Amine Ethoxylate ( ATMER 163 ) - for neutralization of Catalyst & Co catalyst and works as anti- static agent. | 107 | MT | 5.06,Future_Procurement_Plan25-26.pdf
42,,64,"Anitoxidant AO 3114(1,3,5- Tris(3,5-di-tert-butyl-4- hydroxy benzyl)-s-triazine- 2,4,6-(1H,3H,5H)trione) - specialized vis- breaking chemical used for speci fic PP grade",28,MT,1.33,"Anitoxidant AO 3114(1,3,5- Tris(3,5-di-tert-butyl-4- hydroxy benzyl)-s-triazine- 2,4,6-(1H,3H,5H)trione) - specialized vis- breaking chemical used for speci fic PP grade | 28 | MT | 1.33",Future_Procurement_Plan25-26.pdf
42,,65,Non-Aromatic catalyst batch mineral oil (MINERAL OIL ) - used for diluting Donor in order to have better accuracy of the flow measure and also used for flushi ng in TEAL area.,70,MT,1.45,Non-Aromatic catalyst batch mineral oil (MINERAL OIL ) - used for diluting Donor in order to have better accuracy of the flow measure and also used for flushi ng in TEAL area. | 70 | MT | 1.45,Future_Procurement_Plan25-26.pdf
42,,66,HDPE consumable polymerization Catalyst - used for polymerization reaction for production of specific grade of High density polyethylene from Ethylene,8,MT,21.60,HDPE consumable polymerization Catalyst - used for polymerization reaction for production of specific grade of High density polyethylene from Ethylene | 8 | MT | 21.60,Future_Procurement_Plan25-26.pdf
42,,67,"Antioxidant (AO-1330 ) - prevents polymer from degradation caused by exposure to heat, ultraviolet radiation (UV) and mechanical shear",46,MT,4.8,"Antioxidant (AO-1330 ) - prevents polymer from degradation caused by exposure to heat, ultraviolet radiation (UV) and mechanical shear | 46 | MT | 4.8",Future_Procurement_Plan25-26.pdf
42,,68,"Desiccant for ethylene guard bed (Fixed bed for ethylene purification) - used for removal of Carbon monoxide, carbon dioxide, moisture from Ethylene feed in Swing unit to Ultra low levels.",63,MT,3.35,"Desiccant for ethylene guard bed (Fixed bed for ethylene purification) - used for removal of Carbon monoxide, carbon dioxide, moisture from Ethylene feed in Swing unit to Ultra low levels. | 63 | MT | 3.35",Future_Procurement_Plan25-26.pdf
42,,69,ST65692 (Biphenyl) -approved,60,,1.20,ST65692 (Biphenyl) -approved | 60 | 1.20,Future_Procurement_Plan25-26.pdf
43,,70,Mixed Butylated Phenol Antioxidant (ST4064) - used in blending in many lubricants,87.3,MT,1.66,Mixed Butylated Phenol Antioxidant (ST4064) - used in blending in many lubricants | 87.3 | MT | 1.66,Future_Procurement_Plan25-26.pdf
43,,71,Hydrogenated Terphenyl (ST58606) -approved additive Packages required for manufacturing of Servotherm SHT 32 required by IOCL Refinery.,304,MT,9.09,Hydrogenated Terphenyl (ST58606) -approved additive Packages required for manufacturing of Servotherm SHT 32 required by IOCL Refinery. | 304 | MT | 9.09,Future_Procurement_Plan25-26.pdf
43,,73,Mechanical Stores,1,No,1.18,Mechanical Stores | Cast Air Preheater Module / Cast & Glass Air Preheater Modules / Glass Air Pre-Heater Modules | 1 | No | 1.18,Future_Procurement_Plan25-26.pdf
43,,74,Cutter Blades of Extruder,1600,No,2.19,Cutter Blades of Extruder | 1600 | No | 2.19,Future_Procurement_Plan25-26.pdf
43,,75,Hydrogen Tubular Reformer Catalyst Tubes,36,No,3.61,Hydrogen Tubular Reformer Catalyst Tubes | 36 | No | 3.61,Future_Procurement_Plan25-26.pdf
43,,76,Rotary Tight Shut off Valve,4,No,0.60,Rotary Tight Shut off Valve | 4 | No | 0.60,Future_Procurement_Plan25-26.pdf
43,,77,"Chemicals, Catalyst & additives",30,MT,1.12,"Chemicals, Catalyst & additives | CD (Di- ethyl aluminum chloride) | 30 | MT | 1.12",Future_Procurement_Plan25-26.pdf
43,,78,"Chemicals, Catalyst & additives",30,MT,2.56,"Chemicals, Catalyst & additives | CJ (Di- ethyl aluminum ethoxide) | 30 | MT | 2.56",Future_Procurement_Plan25-26.pdf
43,,79,"Chemicals, Catalyst & additives",250,MT,3.3,"Chemicals, Catalyst & additives | GMS-90 | 250 | MT | 3.3",Future_Procurement_Plan25-26.pdf
43,,80,"Chemicals, Catalyst & additives",1170,MT,34.5,"Chemicals, Catalyst & additives | Base FCC catalyst for INDMAX Unit. | 1170 | MT | 34.5",Future_Procurement_Plan25-26.pdf
43,,81,"Chemicals, Catalyst & additives",665,MT,21.81,"Chemicals, Catalyst & additives | DMDS | 665 | MT | 21.81",Future_Procurement_Plan25-26.pdf
43,,82,"Chemicals, Catalyst & additives",110,MT,9.52,"Chemicals, Catalyst & additives | RM 68 Master batch | 110 | MT | 9.52",Future_Procurement_Plan25-26.pdf
43,,83,Equipment,2,No,22.00,Equipment | Feed Filter Bank | 2 | No | 22.00,Future_Procurement_Plan25-26.pdf
43,,84,"Chemicals, Catalyst & additives",700,MT,20,"Chemicals, Catalyst & additives | MIBK (METHYL ISOBUTYL KETONE) | 700 | MT | 20",Future_Procurement_Plan25-26.pdf
43,,85,Mechanical Stores,2,Set,34.78,Mechanical Stores | Radiant Coils | 2 | Set | 34.78,Future_Procurement_Plan25-26.pdf
43,,86,"Chemicals, Catalyst & additives",52.3,,2.54,"Chemicals, Catalyst & additives | Hydrogenation Catalyst (Activated Alumina impregnated with Cobalt and Molybdenum Oxides). | 52.3 | M3 | 2.54",Future_Procurement_Plan25-26.pdf
43,,87,"Chemicals, Catalyst & additives",555,Kg,0.75,"Chemicals, Catalyst & additives | Liquid oxidation catalyst for FCC Indmax Unit | 555 | Kg | 0.75",Future_Procurement_Plan25-26.pdf
43,,88,Lab equipment,2,No.,1.79,Lab equipment | Fully Automated Ball on Cylinder Lubricity Evaluator (BOCLE) | 2 | No. | 1.79,Future_Procurement_Plan25-26.pdf
43,,89,Lab equipment,1,No.,1.21,Lab equipment | Trace Nitrogen Sulphur Analyser | 1 | No. | 1.21,Future_Procurement_Plan25-26.pdf
43,,90,"Chemicals, Catalyst & additives",56,MT,6.04,"Chemicals, Catalyst & additives | Hydro treating catalyst for DHDS Unit | 56 | MT | 6.04",Future_Procurement_Plan25-26.pdf
43,,91,ISO-Octane,48,MT,1.06,ISO-Octane | 48 | MT | 1.06,Future_Procurement_Plan25-26.pdf
43,,92,"Chemicals, Catalyst & additives",205,MT,5.64,"Chemicals, Catalyst & additives | Mineral Oil (White Oil) | 205 | MT | 5.64",Future_Procurement_Plan25-26.pdf
43,,93,"Chemicals, Catalyst & additives",14400,MT,63.13,"Chemicals, Catalyst & additives | Methanol | 14400 | MT | 63.13",Future_Procurement_Plan25-26.pdf
43,,94,"Chemicals, Catalyst & additives",7.5,MT,24.90,"Chemicals, Catalyst & additives | Poly Propylene Catalyst | 7.5 | MT | 24.90",Future_Procurement_Plan25-26.pdf
43,,95,"Chemicals, Catalyst & additives",220,MT,10.98,"Chemicals, Catalyst & additives | PD/ 2,4 Pentane dione | 220 | MT | 10.98",Future_Procurement_Plan25-26.pdf
44,,96,Assay analysis of Fresh & Spent catalyst,2,No.,0.63,Assay analysis of Fresh & Spent catalyst | 2 | No. | 0.63,Future_Procurement_Plan25-26.pdf
44,,97,Service,1,No.,0.44,Service | Benchmarking Study | 1 | No. | 0.44,Future_Procurement_Plan25-26.pdf
44,,98,Equipment,1,No.,6.65,Equipment | Slide Valve Actuators for RFCCU | 1 | No. | 6.65,Future_Procurement_Plan25-26.pdf
44,,99,Equipment,4,Nos.,1.47,Equipment | Coke cutting system for delayed Coker unit | 4 | Nos. | 1.47,Future_Procurement_Plan25-26.pdf
44,,100,"Chemicals, Catalyst & additives",27.23,,,"Chemicals, Catalyst & additives | ISOM Catalyst for MSQ Unit-BR Inert Ceramic Ball | 22000 Kg + 0.8 M3 | 27.23",Future_Procurement_Plan25-26.pdf
44,,101,"Chemicals, Catalyst & additives",2.23,,,"Chemicals, Catalyst & additives | BENSAT Catalyst- BR and Inert ceramic Ball | 1434 Kg + 0.5 M3 | 2.23",Future_Procurement_Plan25-26.pdf
44,,102,Lab equipment,1,No.,0.87,"Lab equipment | Total Chloride, Nitrogen and Sulphur Analyser | 1 | No. | 0.87",Future_Procurement_Plan25-26.pdf
44,,103,Lab equipment,1,No.,1.14,Lab equipment | Automated High Frequency Reciprocating Rig Lubricity Evaluator (HFRR) Lubricity Apparatus | 1 | No. | 1.14,Future_Procurement_Plan25-26.pdf
44,,104,"Chemicals, Catalyst & additives",2.308,MT,2.72,"Chemicals, Catalyst & additives | BENSAT Catalyst | 2.308 | MT | 2.72",Future_Procurement_Plan25-26.pdf
44,,105,Specialty Service,1,No.,0.22,Specialty Service | Assessment of Coke drums bulge severity based on Laser profile data at Gujarat Refinery. | 1 | No. | 0.22,Future_Procurement_Plan25-26.pdf
44,,1,Strainer (Nos),7,Nos.,0.12,Strainer (Nos) | 7 | Nos. | 0.12,Future_Procurement_Plan25-26.pdf
44,,2,Transfer Pump (Nos),2,Nos.,0.15,Transfer Pump (Nos) | 2 | Nos. | 0.15,Future_Procurement_Plan25-26.pdf
44,,3,ACDB Panel (Nos),25,Nos.,3.18,ACDB Panel (Nos) | 25 | Nos. | 3.18,Future_Procurement_Plan25-26.pdf
44,,4,API 6D Ball Valves (Nos),,Nos.,,API 6D Ball Valves (Nos) | Nos.,Future_Procurement_Plan25-26.pdf
44,,5,API 6D Valves (Nos),,Nos.,,API 6D Valves (Nos) | Nos.,Future_Procurement_Plan25-26.pdf
44,,6,Ball Valve (Nos),164,Nos.,8.61,Ball Valve (Nos) | 164 | Nos. | 8.61,Future_Procurement_Plan25-26.pdf
44,,7,Basket Strainer (Nos),3,Nos.,1.00,Basket Strainer (Nos) | 3 | Nos. | 1.00,Future_Procurement_Plan25-26.pdf
44,,8,Control valve (Nos),4,Nos.,1.00,Control valve (Nos) | 4 | Nos. | 1.00,Future_Procurement_Plan25-26.pdf
44,,9,EEE (Nos),,Nos.,,EEE (Nos) | Nos.,Future_Procurement_Plan25-26.pdf
44,,10,Emergency evacuation equipment (Nos),4,Nos.,2.00,Emergency evacuation equipment (Nos) | 4 | Nos. | 2.00,Future_Procurement_Plan25-26.pdf
44,,11,Engine Spares,14.70,Lot,,Engine Spares | Lot | Lot | 14.70,Future_Procurement_Plan25-26.pdf
44,,12,ER Probe(Nos),1.04,Nos.,,ER Probe(Nos) | Nos. | 1.04,Future_Procurement_Plan25-26.pdf
44,,13,"F/F PUMP, Jockey pumps, water filling pumps(Nos)",7,Nos.,0.70,"F/F PUMP, Jockey pumps, water filling pumps(Nos) | 7 | Nos. | 0.70",Future_Procurement_Plan25-26.pdf
44,,14,Fire Fighting Pipes (km),,Km,,Fire Fighting Pipes (km) | Km,Future_Procurement_Plan25-26.pdf
44,,15,Fire Fighting Pump (Nos),1,Nos.,1.00,Fire Fighting Pump (Nos) | 1 | Nos. | 1.00,Future_Procurement_Plan25-26.pdf
44,,16,Flow Tee (Nos),,Nos.,,Flow Tee (Nos) | Nos.,Future_Procurement_Plan25-26.pdf
44,,17,Globe Valve (Nos),4,Nos.,1.00,Globe Valve (Nos) | 4 | Nos. | 1.00,Future_Procurement_Plan25-26.pdf
44,,18,Heavy duty access Mats,,,,Heavy duty access Mats,Future_Procurement_Plan25-26.pdf
45,,19,High Mast(Nos),10,Nos.,3.03,High Mast(Nos) | 10 | Nos. | 3.03,Future_Procurement_Plan25-26.pdf
45,,20,HOT crane (Nos),2,Nos.,1.00,HOT crane (Nos) | 2 | Nos. | 1.00,Future_Procurement_Plan25-26.pdf
45,,21,HT Capacitor Panel(Nos),2,Nos.,0.29,HT Capacitor Panel(Nos) | 2 | Nos. | 0.29,Future_Procurement_Plan25-26.pdf
45,,22,HT Panel(Nos),2,Nos.,2.89,HT Panel(Nos) | 2 | Nos. | 2.89,Future_Procurement_Plan25-26.pdf
45,,23,HT/LT/Control cables(km),85,Km,0.58,HT/LT/Control cables(km) | 85 | Km | 0.58,Future_Procurement_Plan25-26.pdf
45,,24,"Instrumentation, Control & SCADA System (Nos)",3,Nos.,1.49,"Instrumentation, Control & SCADA System (Nos) | 3 | Nos. | 1.49",Future_Procurement_Plan25-26.pdf
45,,25,Insulating coupling (Nos),20,Nos.,1.00,Insulating coupling (Nos) | 20 | Nos. | 1.00,Future_Procurement_Plan25-26.pdf
45,,26,Jockey pump (Nos),1,Nos.,1.00,Jockey pump (Nos) | 1 | Nos. | 1.00,Future_Procurement_Plan25-26.pdf
45,,27,LT DG(Nos),27,Nos.,0.64,LT DG(Nos) | 27 | Nos. | 0.64,Future_Procurement_Plan25-26.pdf
45,,28,LT Panel(Nos),2,Nos.,0.00,LT Panel(Nos) | 2 | Nos. | 0.00,Future_Procurement_Plan25-26.pdf
45,,29,Mainline pumping Unit (Nos),8,Nos.,23.00,Mainline pumping Unit (Nos) | 8 | Nos. | 23.00,Future_Procurement_Plan25-26.pdf
45,,30,Marine Hoses for SPM,9.00,Nos.,,Marine Hoses for SPM | Nos. | 9.00,Future_Procurement_Plan25-26.pdf
45,,31,Mechanical Pipe End connector+ Standard/Long seal Leak clamps+ Encapsulating Leak Clamps,1.05,Nos.,,Mechanical Pipe End connector+ Standard/Long seal Leak clamps+ Encapsulating Leak Clamps | Nos. | 1.05,Future_Procurement_Plan25-26.pdf
45,,32,"Metering skid assembly (consisiting of Filtration, Metering and Pressure Reduction units) of various sizes for providing connectivity to CGD Entities from Gas pipelines and augmentation of existing facilities (Nos)",4,Nos.,1.01,"Metering skid assembly (consisiting of Filtration, Metering and Pressure Reduction units) of various sizes for providing connectivity to CGD Entities from Gas pipelines and augmentation of existing facilities (Nos) | 4 | Nos. | 1.01",Future_Procurement_Plan25-26.pdf
45,,33,Metering Skid Ph-III(Nos),,,,Metering Skid Ph-III(Nos),Future_Procurement_Plan25-26.pdf
45,,34,Metering Skid(Nos),,,,Metering Skid(Nos),Future_Procurement_Plan25-26.pdf
45,,35,Misc. fire fighting equipment (Nos),1,Nos.,2.00,Misc. fire fighting equipment (Nos) | 1 | Nos. | 2.00,Future_Procurement_Plan25-26.pdf
45,,36,NRPL Mainline pumping unit Replacement,20.00,Nos.,,NRPL Mainline pumping unit Replacement | Nos. | 20.00,Future_Procurement_Plan25-26.pdf
45,,37,Other Marine Spares,6.30,Nos.,,Other Marine Spares | Nos. | 6.30,Future_Procurement_Plan25-26.pdf
45,,38,pipe fitting(Nos),14000,Nos.,1.87,pipe fitting(Nos) | 14000 | Nos. | 1.87,Future_Procurement_Plan25-26.pdf
45,,39,Pipe (km),6.8,Nos.,6.12,Pipe (km) | 6.8 | Nos. | 6.12,Future_Procurement_Plan25-26.pdf
45,,40,Remote operated Valve (Nos),2,Nos.,1.00,Remote operated Valve (Nos) | 2 | Nos. | 1.00,Future_Procurement_Plan25-26.pdf
45,,41,Scrapper Barrel,5,Nos.,1.00,Scrapper Barrel | 5 | Nos. | 1.00,Future_Procurement_Plan25-26.pdf
45,,42,Separator Filter (Nos),,Nos.,,Separator Filter (Nos) | Nos.,Future_Procurement_Plan25-26.pdf
45,,43,"Small size (<4"") misc. valve (Nos)",1.00,Nos.,,"Small size (<4"") misc. valve (Nos) | Nos. | 1.00",Future_Procurement_Plan25-26.pdf
45,,44,SRV (Nos),1,Nos.,0.05,SRV (Nos) | 1 | Nos. | 0.05,Future_Procurement_Plan25-26.pdf
45,,45,Station pipes(km),13.3,Nos.,13.74,Station pipes(km) | 13.3 | Nos. | 13.74,Future_Procurement_Plan25-26.pdf
45,,46,Steel Pipe (KM),550,Km,519.00,Steel Pipe (KM) | 550 | Km | 519.00,Future_Procurement_Plan25-26.pdf
45,,47,Steel Plate (MT),569,Nos.,5.80,Steel Plate (MT) | 569 | Nos. | 5.80,Future_Procurement_Plan25-26.pdf
45,,48,sump pump and tank (Nos),,Nos.,,sump pump and tank (Nos) | Nos.,Future_Procurement_Plan25-26.pdf
45,,49,Swing check valve (Nos),5,Nos.,1.00,Swing check valve (Nos) | 5 | Nos. | 1.00,Future_Procurement_Plan25-26.pdf
46,,50,"Telecom System (comprising of DC power, Networking system, CCTV system, Telephone system, OFC, HDPE, etc.)(Nos)",3,Nos.,75.80,"Telecom System (comprising of DC power, Networking system, CCTV system, Telephone system, OFC, HDPE, etc.)(Nos) | 3 | Nos. | 75.80",Future_Procurement_Plan25-26.pdf
46,,51,Transformer(Nos),4,Nos.,24.88,Transformer(Nos) | 4 | Nos. | 24.88,Future_Procurement_Plan25-26.pdf
46,,52,Vadinar SPM Replacement project 1. Buoy & accessaries 2. Concrete Coated Pipe,500.00,Lot,,Vadinar SPM Replacement project 1. Buoy & accessaries 2. Concrete Coated Pipe | Lot | Nos. | 500.00,Future_Procurement_Plan25-26.pdf
46,,53,Valves,4.00,Lot,,Valves | Lot | Lot | 4.00,Future_Procurement_Plan25-26.pdf
46,,54,VALVES of all types(Nos),332,Nos.,3.48,VALVES of all types(Nos) | 332 | Nos. | 3.48,Future_Procurement_Plan25-26.pdf
46,,55,VFD (Nos),6,Nos.,20.00,VFD (Nos) | 6 | Nos. | 20.00,Future_Procurement_Plan25-26.pdf
46,,56,Coke cutting system for delayed Coker unit,4,Nos.,1.46,Coke cutting system for delayed Coker unit | 4 | Nos. | 1.46,Future_Procurement_Plan25-26.pdf
46,,1,LPG Pump,6,Nos.,3.7,LPG Pump | 6 | Nos. | 3.7,Future_Procurement_Plan25-26.pdf
46,,2,LPG Compressor,9,Nos.,2.84,LPG Compressor | 9 | Nos. | 2.84,Future_Procurement_Plan25-26.pdf
46,,3,Air Compressor,6,Nos.,0.8,Air Compressor | 6 | Nos. | 0.8,Future_Procurement_Plan25-26.pdf
46,,4,Air Dryer,3,Nos.,0.45,Air Dryer | 3 | Nos. | 0.45,Future_Procurement_Plan25-26.pdf
46,,5,DG Set,6,Nos.,2.22,DG Set | 6 | Nos. | 2.22,Future_Procurement_Plan25-26.pdf
46,,6,Fire Engine,6,Nos.,1.35,Fire Engine | 6 | Nos. | 1.35,Future_Procurement_Plan25-26.pdf
46,,7,Valve change without Evacuation Machine,6,Nos.,1.4,Valve change without Evacuation Machine | 6 | Nos. | 1.4,Future_Procurement_Plan25-26.pdf
46,,8,LPG Loading arm,16,Nos.,0.44,LPG Loading arm | 16 | Nos. | 0.44,Future_Procurement_Plan25-26.pdf
46,,9,Carousel,8,Nos.,23.6,Carousel | 8 | Nos. | 23.6,Future_Procurement_Plan25-26.pdf
46,,10,Computers,50,Nos.,0.25,Computers | 50 | Nos. | 0.25,Future_Procurement_Plan25-26.pdf
46,,11,Additive dosing machines,30,Nos.,5.4,Additive dosing machines | 30 | Nos. | 5.4,Future_Procurement_Plan25-26.pdf
46,,12,Carousal Cards in Nos.,380,Nos.,2.66,Carousal Cards in Nos. | 380 | Nos. | 2.66,Future_Procurement_Plan25-26.pdf
46,,13,Mech Seals (Refurbishing) Nos.for LPG Pump,95,Nos.,2.85,Mech Seals (Refurbishing) Nos.for LPG Pump | 95 | Nos. | 2.85,Future_Procurement_Plan25-26.pdf
46,,14,Mech Seals New in Nos. for LPG Pump,25,Nos.,2.00,Mech Seals New in Nos. for LPG Pump | 25 | Nos. | 2.00,Future_Procurement_Plan25-26.pdf
46,,15,Valves / Flanges / Gaskets / Spares in Nos.,300,Nos.,7.50,Valves / Flanges / Gaskets / Spares in Nos. | 300 | Nos. | 7.50,Future_Procurement_Plan25-26.pdf
46,,16,Cables (Control / Power) in RMs,30000,Nos.,0.45,Cables (Control / Power) in RMs | 30000 | Nos. | 0.45,Future_Procurement_Plan25-26.pdf
46,,17,Pressure / Temp Transmitters/Gauges in Nos.,200,Nos.,2.00,Pressure / Temp Transmitters/Gauges in Nos. | 200 | Nos. | 2.00,Future_Procurement_Plan25-26.pdf
46,,18,Fire Engine / DG / DC Batteries in Nos.,3300,Nos.,4.95,Fire Engine / DG / DC Batteries in Nos. | 3300 | Nos. | 4.95,Future_Procurement_Plan25-26.pdf
46,,19,Conveyor Chain in RM,40000,Nos.,4.80,Conveyor Chain in RM | 40000 | Nos. | 4.80,Future_Procurement_Plan25-26.pdf
46,,20,Air Ends of Screw Compressors,40,Nos.,2.00,Air Ends of Screw Compressors | 40 | Nos. | 2.00,Future_Procurement_Plan25-26.pdf
47,,21,Spares (Filters & Accessories) Air Comp in Nos.,500,Nos.,1.25,Spares (Filters & Accessories) Air Comp in Nos. | 500 | Nos. | 1.25,Future_Procurement_Plan25-26.pdf
47,,22,LPG Vap Comp Seals / valves / Plates,300,Nos.,0.90,LPG Vap Comp Seals / valves / Plates | 300 | Nos. | 0.90,Future_Procurement_Plan25-26.pdf
47,,23,Lights and Fixtures / Bulbs / glands / JBs / Switches,10000,Nos.,1.00,Lights and Fixtures / Bulbs / glands / JBs / Switches | 10000 | Nos. | 1.00,Future_Procurement_Plan25-26.pdf
47,,24,Relays / Fuses,5000,Nos.,1.00,Relays / Fuses | 5000 | Nos. | 1.00,Future_Procurement_Plan25-26.pdf
47,,25,Printer Cartridges,600,Nos.,0.30,Printer Cartridges | 600 | Nos. | 0.30,Future_Procurement_Plan25-26.pdf
47,,26,Sprockets / Cylinders / Shafts / wearing strips / Pneumatic tubing / connectors,20000,Nos.,4.00,Sprockets / Cylinders / Shafts / wearing strips / Pneumatic tubing / connectors | 20000 | Nos. | 4.00,Future_Procurement_Plan25-26.pdf
47,,27,Misc Spares /Car (sensors / connectors / cables etc),200,Nos.,2.00,Misc Spares /Car (sensors / connectors / cables etc) | 200 | Nos. | 2.00,Future_Procurement_Plan25-26.pdf
47,,28,TLD / TLF Spares,800,Nos.,2.00,TLD / TLF Spares | 800 | Nos. | 2.00,Future_Procurement_Plan25-26.pdf
47,,29,Structural steel for Conv / Misc Works in MT,420,Nos.,1.60,Structural steel for Conv / Misc Works in MT | 420 | Nos. | 1.60,Future_Procurement_Plan25-26.pdf
47,,30,Diesel / Fire Engine Spares / filters / glands,700,Nos.,4.9,Diesel / Fire Engine Spares / filters / glands | 700 | Nos. | 4.9,Future_Procurement_Plan25-26.pdf
47,,31,Spares for Level gauges / transmitters,300,Nos.,3,Spares for Level gauges / transmitters | 300 | Nos. | 3,Future_Procurement_Plan25-26.pdf
47,,32,Fire / SCADA / GMS Panel Spares / MIMIC / sensors / transmitter,300,Nos.,1.5,Fire / SCADA / GMS Panel Spares / MIMIC / sensors / transmitter | 300 | Nos. | 1.5,Future_Procurement_Plan25-26.pdf
47,,33,CCTV spares / modules,100,Nos.,1.5,CCTV spares / modules | 100 | Nos. | 1.5,Future_Procurement_Plan25-26.pdf
47,,34,Load cells for weigh bridges / weighing scales / carousals,1000,Nos.,2.5,Load cells for weigh bridges / weighing scales / carousals | 1000 | Nos. | 2.5,Future_Procurement_Plan25-26.pdf
47,,35,Centering Arms of carousals,2500,Nos.,0.30,Centering Arms of carousals | 2500 | Nos. | 0.30,Future_Procurement_Plan25-26.pdf
47,,1,14.2 Kg Cylinders (Including New & Replacement),8400000,Nos.,1070.69,14.2 Kg Cylinders (Including New & Replacement) | 8400000 | Nos. | 1070.69,Future_Procurement_Plan25-26.pdf
47,,2,19 Kg Cylinders (Including New & Replacement),900000,Nos.,140.04,19 Kg Cylinders (Including New & Replacement) | 900000 | Nos. | 140.04,Future_Procurement_Plan25-26.pdf
47,,3,47.5 Kg Cylinders (Including New & Replacement),50000,Nos.,19.26,47.5 Kg Cylinders (Including New & Replacement) | 50000 | Nos. | 19.26,Future_Procurement_Plan25-26.pdf
47,,4,5 Kg Cylinders (Including New & Replacement),1500000,Nos.,130.01,5 Kg Cylinders (Including New & Replacement) | 1500000 | Nos. | 130.01,Future_Procurement_Plan25-26.pdf
47,,5,425 KG Cylinders,2000,Nos.,13.17,425 KG Cylinders | 2000 | Nos. | 13.17,Future_Procurement_Plan25-26.pdf
47,,6,Pressure Regulators,5000000,Nos.,72.44,Pressure Regulators | 5000000 | Nos. | 72.44,Future_Procurement_Plan25-26.pdf
47,,7,Self Closing Valve,20000000,Nos.,168.00,Self Closing Valve | 20000000 | Nos. | 168.00,Future_Procurement_Plan25-26.pdf
47,,1,Synthetic base oil Poly alfa olefin 6 CST,460,MT,12.18,Synthetic base oil Poly alfa olefin 6 CST | 460 | MT | 12.18,Future_Procurement_Plan25-26.pdf
47,,2,ST5014 (Lithium Hydroxide Monohydrate),275,MT,15.79,ST5014 (Lithium Hydroxide Monohydrate) | 275 | MT | 15.79,Future_Procurement_Plan25-26.pdf
47,,3,ST56058 (PIB 1000),2140,MT,21.78,ST56058 (PIB 1000) | 2140 | MT | 21.78,Future_Procurement_Plan25-26.pdf
47,,4,"Synthetic base oil Poly alfa olefin 100 CST, PAO 100(ST 55580)",228.5,MT,8.17,"Synthetic base oil Poly alfa olefin 100 CST, PAO 100(ST 55580) | 228.5 | MT | 8.17",Future_Procurement_Plan25-26.pdf
47,,5,PIB of higher molecular wt.(ST 56032/ST 56036),208.8,MT,3.33,PIB of higher molecular wt.(ST 56032/ST 56036) | 208.8 | MT | 3.33,Future_Procurement_Plan25-26.pdf
48,,6,"Synthetic base oil Poly alfa olefin 4 CST, PAO 40(ST 55578)",255.1016,MT,8.39,"Synthetic base oil Poly alfa olefin 4 CST, PAO 40(ST 55578) | 255.1016 | MT | 8.39",Future_Procurement_Plan25-26.pdf
48,,9,1415/1417/1418,1415,,5.10,1415 | 1415/1417/1418 | 240.24 | MTs | 5.10,Future_Procurement_Plan25-26.pdf
48,,18,1617/1772+4574,1685,,0.31,1685 | 1617/1772+4574 | 11.06 | MTs | 0.31,Future_Procurement_Plan25-26.pdf
50,,77,6038/6102,6017,,0.18,6017 | 6038/6102 | 7.32 | MTs | 0.18,Future_Procurement_Plan25-26.pdf
50,,81,6038/6017,6102,,6.31,6102 | 6038/6017 | 443.76 | MTs | 6.31,Future_Procurement_Plan25-26.pdf
50,,101,8133/8120,8121,,11.18,8121 | 8133/8120 | 661.71 | MTs | 11.18,Future_Procurement_Plan25-26.pdf
51,,115,65684/65682,65646,,1.74,65646 | 65684/65682 | 94.50 | MTs | 1.74,Future_Procurement_Plan25-26.pdf
51,,116,65684/65682,65654,,0.91,65654 | 65684/65682 | 50.40 | MTs | 0.91,Future_Procurement_Plan25-26.pdf
52,,144,1599/1613,1545,,7.67,1545 | 1599/1613 | 368.21 | MTs | 7.67,Future_Procurement_Plan25-26.pdf
52,,156,1774/1772,1617,,25.66,"1617 | 1774/1772 | 1,365.00 | MTs | 25.66",Future_Procurement_Plan25-26.pdf
53,,174,1712/1714,1710,,6.50,1710 | 1712/1714 | 210.00 | MTs | 6.50,Future_Procurement_Plan25-26.pdf
55,,236,2004/20042,20041,,2.11,20041 | 2004/20042 | 29.40 | MTs | 2.11,Future_Procurement_Plan25-26.pdf
55,,241,1236/1231,1233,,3.74,1233 | 1236/1231 | 98.70 | MTs | 3.74,Future_Procurement_Plan25-26.pdf
55,,246,1507/1534,1551,,1.00,1551 | 1507/1534 | 23.66 | MTs | 1.00,Future_Procurement_Plan25-26.pdf
55,,247,1599+3001/1543+4601,1553,,2.94,1553 | 1599+3001/1543+4601 | 122.03 | MTs | 2.94,Future_Procurement_Plan25-26.pdf
55,,249,1738/1770,1575,,0.24,1575 | 1738/1770 | 8.47 | MTs | 0.24,Future_Procurement_Plan25-26.pdf
55,,253,1617/1585+1621,1643,,5.48,1643 | 1617/1585+1621 | 336.00 | MTs | 5.48,Future_Procurement_Plan25-26.pdf
57,,296,6012/6015,6025,,3.97,6025 | 6012/6015 | 156.49 | MTs | 3.97,Future_Procurement_Plan25-26.pdf
58,,329,1599/1613,1543,,40.87,"1543 | 1599/1613 | 2,079.00 | MTs | 40.87",Future_Procurement_Plan25-26.pdf
58,,349,1756/1758,1752,,1.94,1752 | 1756/1758 | 52.50 | MTs | 1.94,Future_Procurement_Plan25-26.pdf
58,,353,81621/81622/81623,8162,,4.00,8162 | 81621/81622/81623 | 105.00 | MTs | 4.00,Future_Procurement_Plan25-26.pdf
58,,355,1666/1756,1764,,2.19,1764 | 1666/1756 | 52.50 | MTs | 2.19,Future_Procurement_Plan25-26.pdf
59,,1,"Testing for MRS rating, Slow Crack Growth (SCG), Rapid Crack Propagation (RCP), Pigment Dispersion, Weatherability",1,No.,1.00,"Testing for MRS rating, Slow Crack Growth (SCG), Rapid Crack Propagation (RCP), Pigment Dispersion, Weatherability | 1 | No. | 1.00",Future_Procurement_Plan25-26.pdf
59,,2,Color Spectrophotometer (Based on reflectance),1,No.,0.3,Color Spectrophotometer (Based on reflectance) | 1 | No. | 0.3,Future_Procurement_Plan25-26.pdf
59,,1,Marine Hoses,179,Nos.,65.37,Marine Hoses | 179 | Nos. | 65.37,Future_Procurement_Plan25-26.pdf
59,,1,Heavy End Hydroprocessing Pilot Plant (part),1,No.,11.89,"Heavy End Hydroprocessing Pilot Plant (part) | Capacity up to 1000 g/hr, H2 rate up to 600 SLPH, Pressure 200 bar, temperature 500 degC | 1 | No. | 11.89",Future_Procurement_Plan25-26.pdf
59,,2,DCS card,1,No.,0.11,DCS card | 1 | No. | 0.11,Future_Procurement_Plan25-26.pdf
59,,3,A3 Printer,1,No.,0.02,A3 Printer | Color laser printer | 1 | No. | 0.02,Future_Procurement_Plan25-26.pdf
59,,4,GC-FID/TCD,1,lot,0.40,GC-FID/TCD | 1 | lot | 0.40,Future_Procurement_Plan25-26.pdf
59,,5,Sulfur/ Chloride,1,Lot,0.60,Sulfur/ Chloride | 1 | Lot | 0.60,Future_Procurement_Plan25-26.pdf
59,,6,GC-VUV,1,Lot,1.00,GC-VUV | 1 | Lot | 1.00,Future_Procurement_Plan25-26.pdf
59,,8,GPC with multiple detector,1,lot,2.00,GPC with multiple detector | 1 | lot | 2.00,Future_Procurement_Plan25-26.pdf
59,,9,Up-gradation of NMR 500 MHz FT NMR,1,No,3.33,Up-gradation of NMR 500 MHz FT NMR | 1 | No | 3.33,Future_Procurement_Plan25-26.pdf
59,,10,FT-IR Spectrometer,1,NO,1.50,FT-IR Spectrometer | 1 | NO | 1.50,Future_Procurement_Plan25-26.pdf
59,,11,"Laboratory Equipments (Muffle furnace, Vacuum Oven, pH Meter, Hot Plate, Refrigerator)",1,lot,0.15,"Laboratory Equipments (Muffle furnace, Vacuum Oven, pH Meter, Hot Plate, Refrigerator) | 1 | lot | 0.15",Future_Procurement_Plan25-26.pdf
59,,12,Particle size analyzer,1,no,0.40,Particle size analyzer | 1 | no | 0.40,Future_Procurement_Plan25-26.pdf
59,,13,Lab furniture(syn block),1,lot,0.95,Lab furniture(syn block) | 1 | lot | 0.95,Future_Procurement_Plan25-26.pdf
59,,14,Density for LPG,0.12,,,Density for LPG | 0.12,Future_Procurement_Plan25-26.pdf
59,,16,Hot filtration tester,0.15,,,Hot filtration tester | 0.15,Future_Procurement_Plan25-26.pdf
59,,16,Cu strip corrosion for LPG (D1838),0.18,,,Cu strip corrosion for LPG (D1838) | 0.18,Future_Procurement_Plan25-26.pdf
59,,18,Dual Beam UV-Vis Spectrophotometer,1,No,0.05,Dual Beam UV-Vis Spectrophotometer | 1 | No | 0.05,Future_Procurement_Plan25-26.pdf
59,,19,20L Automatic Rotary Evaporation System,1,No,0.25,20L Automatic Rotary Evaporation System | 1 | No | 0.25,Future_Procurement_Plan25-26.pdf
59,,20,Continuous Flow Reactor System,1,No,0.20,Continuous Flow Reactor System | 1 | No | 0.20,Future_Procurement_Plan25-26.pdf
59,,21,Gas Distribution System Upgradation,1,No,1.2,Gas Distribution System Upgradation | 1 | No | 1.2,Future_Procurement_Plan25-26.pdf
59,,22,Automatic Titrator with KF,1,No,0.50,Automatic Titrator with KF | 1 | No | 0.50,Future_Procurement_Plan25-26.pdf
59,,23,Explosion Proof Refrigerators,4,,0.12,Explosion Proof Refrigerators | 4 | No s | 0.12,Future_Procurement_Plan25-26.pdf
59,,24,Explosion Proof Freezers,2,,0.08,Explosion Proof Freezers | 2 | No s | 0.08,Future_Procurement_Plan25-26.pdf
59,,25,Waste Plastic pyrolysis unit,1,No,4,Waste Plastic pyrolysis unit | 1 | No | 4,Future_Procurement_Plan25-26.pdf
59,,26,Styrene Purification Unit to convert,1,No,35,Styrene Purification Unit to convert | 1 | No | 35,Future_Procurement_Plan25-26.pdf
60,,27,High Pressure Autoclaves,1,No,0.78,High Pressure Autoclaves | 1 | No | 0.78,Future_Procurement_Plan25-26.pdf
60,,28,UTM with accessories,1,No,1.2,UTM with accessories | 1 | No | 1.2,Future_Procurement_Plan25-26.pdf
60,,29,Spares of Electrolroyer and compressor unit,1,Lot,0.35,Spares of Electrolroyer and compressor unit | 1 | Lot | 0.35,Future_Procurement_Plan25-26.pdf
60,,30,AMC of Hydrogen Infrastructure,1,Lot,0.76,AMC of Hydrogen Infrastructure | 1 | Lot | 0.76,Future_Procurement_Plan25-26.pdf
60,,31,AMC of BELSORP HP instrument,1,Lot,0.01,AMC of BELSORP HP instrument | 1 | Lot | 0.01,Future_Procurement_Plan25-26.pdf
60,,32,AMC of BET Surface area Analyzer,1,Lot,0.01,AMC of BET Surface area Analyzer | 1 | Lot | 0.01,Future_Procurement_Plan25-26.pdf
60,,33,Spares of BELSORP HP instrument,1,Lot,0.04,Spares of BELSORP HP instrument | 1 | Lot | 0.04,Future_Procurement_Plan25-26.pdf
60,,34,Spares of BET Surface area Analyzer,1,Lot,0.04,Spares of BET Surface area Analyzer | 1 | Lot | 0.04,Future_Procurement_Plan25-26.pdf
60,,35,Solar based Hydrogen Infrastructure,1,,48.23,Solar based Hydrogen Infrastructure | 1 | No s. | 48.23,Future_Procurement_Plan25-26.pdf
60,,36,Biomass Shredder,1,,0.02,Biomass Shredder | 1 | No s | 0.02,Future_Procurement_Plan25-26.pdf
60,,37,Crusher,1,,0.02,Crusher | 1 | No s | 0.02,Future_Procurement_Plan25-26.pdf
60,,38,Natural gas and bio-CNG reforming based hydrogen infrastructure,1,,39.1,Natural gas and bio-CNG reforming based hydrogen infrastructure | 1 | No s | 39.1,Future_Procurement_Plan25-26.pdf
60,,39,Development of oxy-steam biomass gasification process,1,Lot,7.68,Development of oxy-steam biomass gasification process | 1 | Lot | 7.68,Future_Procurement_Plan25-26.pdf
60,,40,Micro scale reactor unit,1,,4.8,Micro scale reactor unit | 1 | No s. | 4.8,Future_Procurement_Plan25-26.pdf
60,,41,Fume hood,1,,0.07,Fume hood | 1 | No s. | 0.07,Future_Procurement_Plan25-26.pdf
60,,42,Liquid GC,1,,0.6,Liquid GC | 1 | No s. | 0.6,Future_Procurement_Plan25-26.pdf
60,,43,Integrated Gasification Plant,1,,22,Integrated Gasification Plant | 1 | No s. | 22,Future_Procurement_Plan25-26.pdf
60,,44,Gasket fabrication machine for stack,1,,0.7,Gasket fabrication machine for stack | For air cooled fuel cell air/water cooled | 1 | No s. | 0.7,Future_Procurement_Plan25-26.pdf
60,,45,SOFC/ SOEC cell fabrication facility,1,,6,"SOFC/ SOEC cell fabrication facility | i. Planetary Ball Milling machine 240 v, 50-60 Hz, 2800 Watt ii. Benchtop ultrathin Coating System ( X-Y-Z motion ) for coating fuel cell iii. Screen Printing machine ( Screen Size up to 15 x 20 cm2 & Max Print area 40x35cm2) iv. PLANETARY VACUUM MIXER v. Overhead Stirrer – Direct Drive Stirrer – ~40 Ltr Gas Characterizer for fuel cell | 1 | No s. | 6",Future_Procurement_Plan25-26.pdf
60,,46,Scanning electron microscope,1,no,1.2,Scanning electron microscope | 1 | no | 1.2,Future_Procurement_Plan25-26.pdf
60,,47,Planetary Mixer & Vibrating table,1,no,,Planetary Mixer & Vibrating table | 1 | no | .02,Future_Procurement_Plan25-26.pdf
60,,48,Renewal of Aspen Engineering Suite Software,2.36,,,Renewal of Aspen Engineering Suite Software | Network license for 5 years term with SMS (AMC) | Lu mp su m | 2.36,Future_Procurement_Plan25-26.pdf
60,,49,Fixed bed reactor cum adsorption setup,1,no,2.1,Fixed bed reactor cum adsorption setup | 1 | no | 2.1,Future_Procurement_Plan25-26.pdf
60,,50,Catalyst Slurry,1,no,2.28,Catalyst Slurry | 1 | no | 2.28,Future_Procurement_Plan25-26.pdf
61,,51,Chemisorption,1,no,1.11,Chemisorption | 1 | no | 1.11,Future_Procurement_Plan25-26.pdf
61,,52,Spray Dryer,1,no,0.61,Spray Dryer | 1 | no | 0.61,Future_Procurement_Plan25-26.pdf
61,,53,Dialometer,1,no,0.89,Dialometer | 1 | no | 0.89,Future_Procurement_Plan25-26.pdf
61,,54,Lab Scale Hydrogen Furnace (with Scrubber & Gas Suction),1,no,2.031,Lab Scale Hydrogen Furnace (with Scrubber & Gas Suction) | 1 | no | 2.031,Future_Procurement_Plan25-26.pdf
61,,55,Lab Scale Hydrogen Furnace (with Scrubber & Gas Suction),1,no,2.37,Lab Scale Hydrogen Furnace (with Scrubber & Gas Suction) | 1 | no | 2.37,Future_Procurement_Plan25-26.pdf
61,,56,Nanometals and Metal oxide Synthesis Facility,1,lot,12.77,Nanometals and Metal oxide Synthesis Facility | 1 | lot | 12.77,Future_Procurement_Plan25-26.pdf
61,,59,Lab Equipments - Grease Kettle – 2Kg and 5 Kg Automatic Penetrometer Drop point apparatus Wheel bearing leakage tester( variable RPM ),04,,1.20,Lab Equipments - Grease Kettle – 2Kg and 5 Kg Automatic Penetrometer Drop point apparatus Wheel bearing leakage tester( variable RPM ) | 04 | No s. | 1.20,Future_Procurement_Plan25-26.pdf
61,,1,Reactors for 4 MRU,8,Nos.,0.50,Reactors for 4 MRU | 8 | Nos. | 0.50,Future_Procurement_Plan25-26.pdf
61,,2,Dryer spares,16,Nos.,0.05,Dryer spares | 16 | Nos. | 0.05,Future_Procurement_Plan25-26.pdf
61,,3,Tescom regulator spares,5,Nos.,0.10,Tescom regulator spares | 5 | Nos. | 0.10,Future_Procurement_Plan25-26.pdf
61,,4,Maintenance for single cell and stack test stations,1,Lot,0.03,Maintenance for single cell and stack test stations | 1 | Lot | 0.03,Future_Procurement_Plan25-26.pdf
61,,5,Instrumentation Spares for pilot plant,4,Lot,,Instrumentation Spares for pilot plant | 4 | Lot | -,Future_Procurement_Plan25-26.pdf
61,,6,Spares parts for Fuel cell stations,0.3,,,Spares parts for Fuel cell stations | 1 set | 0.3,Future_Procurement_Plan25-26.pdf
61,,7,TECS (AMC) of ANSYS CFD software,1,,0.085,TECS (AMC) of ANSYS CFD software | 1 | SU | 0.085,Future_Procurement_Plan25-26.pdf
61,,8,AMC of DCN Analyzer,1,,0.025,AMC of DCN Analyzer | 1 | SU | 0.025,Future_Procurement_Plan25-26.pdf
61,,9,AMC of MATLAB software,1,,0.03,AMC of MATLAB software | 1 | SU | 0.03,Future_Procurement_Plan25-26.pdf
61,,10,Acrylic plates,,,,Acrylic plates | For ASTM D 1404 Deleterious particle test,Future_Procurement_Plan25-26.pdf
61,,1,Hydrogen compressors,2,No.,8,"Hydrogen compressors | Capacity 15 NM3 each, Diaphram type, 250 bar | 2 | No. | 8",Future_Procurement_Plan25-26.pdf
61,,2,SIMDIST,1,No,0.40,SIMDIST | 1 | No | 0.40,Future_Procurement_Plan25-26.pdf
61,,3,Biodiesel-Analyser,1,No,0.40,Biodiesel-Analyser | 1 | No | 0.40,Future_Procurement_Plan25-26.pdf
61,,4,UPLC-MS (with multiple detector),1,lot,2.00,UPLC-MS (with multiple detector) | 1 | lot | 2.00,Future_Procurement_Plan25-26.pdf
61,,5,HPLC with PDA/RI,1,lot,1.50,HPLC with PDA/RI | 1 | lot | 1.50,Future_Procurement_Plan25-26.pdf
61,,6,Rotavapor,1,No,0.15,Rotavapor | 1 | No | 0.15,Future_Procurement_Plan25-26.pdf
61,,7,FT-NIR Spectrometer,1,No,0.50,FT-NIR Spectrometer | 1 | No | 0.50,Future_Procurement_Plan25-26.pdf
61,,8,ICP-OES,1,No,1.00,ICP-OES | 1 | No | 1.00,Future_Procurement_Plan25-26.pdf
62,,9,Silver corrosion,0.10,,,Silver corrosion | 0.10,Future_Procurement_Plan25-26.pdf
62,,10,Automatic smoke point,0.20,,,Automatic smoke point | 0.20,Future_Procurement_Plan25-26.pdf
62,,11,Vapor pressure analyzer for LPG,0.11,,,Vapor pressure analyzer for LPG | 0.11,Future_Procurement_Plan25-26.pdf
62,,12,Fuel analyzer for higher alcohol blended gasoline,0.16,,,Fuel analyzer for higher alcohol blended gasoline | 0.16,Future_Procurement_Plan25-26.pdf
62,,13,Diesel analyzer,0.60,,,Diesel analyzer | 0.60,Future_Procurement_Plan25-26.pdf
62,,14,Abel flash point apparatus,0.18,,,Abel flash point apparatus | 0.18,Future_Procurement_Plan25-26.pdf
62,,15,Magnetic Hotplates,10,,0.10,Magnetic Hotplates | 10 | No s | 0.10,Future_Procurement_Plan25-26.pdf
62,,16,Automatic Multipurpose Reactor System,1,No,0.20,Automatic Multipurpose Reactor System | 1 | No | 0.20,Future_Procurement_Plan25-26.pdf
62,,17,Vacuum Ovens,2,,0.20,Vacuum Ovens | 2 | No s | 0.20,Future_Procurement_Plan25-26.pdf
62,,18,Particle Size Analyzer,1,No,0.20,Particle Size Analyzer | 1 | No | 0.20,Future_Procurement_Plan25-26.pdf
62,,19,Density meter,1,No,0.10,Density meter | 1 | No | 0.10,Future_Procurement_Plan25-26.pdf
62,,20,Twin Screw extruder with accessories,1,No,1.0,Twin Screw extruder with accessories | 1 | No | 1.0,Future_Procurement_Plan25-26.pdf
62,,21,Solar based Hydrogen Infrastructure,1,,8.03,Solar based Hydrogen Infrastructure | 1 | No s. | 8.03,Future_Procurement_Plan25-26.pdf
62,,22,Biomass gasification based hydrogen production demo plant,1,,20.0,Biomass gasification based hydrogen production demo plant | 1 | No s | 20.0,Future_Procurement_Plan25-26.pdf
62,,23,Single cell test station for PEM fuel cell with utilities,1,,2,Single cell test station for PEM fuel cell with utilities | 1 | No s. | 2,Future_Procurement_Plan25-26.pdf
62,,24,PEM fuel cell system test station,1,,5,PEM fuel cell system test station | Upto 10 kW | 1 | No s. | 5,Future_Procurement_Plan25-26.pdf
62,,25,Universal Testing Machine (UTM),1,,1.50,Universal Testing Machine (UTM) | 1 | No s. | 1.50,Future_Procurement_Plan25-26.pdf
62,,26,Hydrogen determinator,1,,1.00,Hydrogen determinator | 1 | No s | 1.00,Future_Procurement_Plan25-26.pdf
62,,27,Sample cutting & modification equipment,1,,0.20,Sample cutting & modification equipment | 1 | No s. | 0.20,Future_Procurement_Plan25-26.pdf
62,,28,Thermal conductivity measurement,1,,0.60,Thermal conductivity measurement | 1 | No s. | 0.60,Future_Procurement_Plan25-26.pdf
62,,29,Molecular Modeling Software & hardware,1,,2.0,Molecular Modeling Software & hardware | Network license with HPC core server & customized service | 1 | No . | 2.0,Future_Procurement_Plan25-26.pdf
62,,30,TGA with GC,1,no,1.76,TGA with GC | 1 | no | 1.76,Future_Procurement_Plan25-26.pdf
62,,31,Lab Equipments - Flow pressure test equipment (DIN Method) Grease Workers (02 Nos.) Oxidation stability test apparatus Lincoln Ventimeter apparatus,04,,1.30,Lab Equipments - Flow pressure test equipment (DIN Method) Grease Workers (02 Nos.) Oxidation stability test apparatus Lincoln Ventimeter apparatus | 04 | No s. | 1.30,Future_Procurement_Plan25-26.pdf
62,,1,Control valve trims,8,Nos,0.10,Control valve trims | 8 | Nos | 0.10,Future_Procurement_Plan25-26.pdf
62,,2,"Other pilot plant spares like spares of pumps, compressors, heaters, valves, tubing, etc.",1,lot,0.40,"Other pilot plant spares like spares of pumps, compressors, heaters, valves, tubing, etc. | 1 | lot | 0.40",Future_Procurement_Plan25-26.pdf
62,,3,AMC of BELSORP HP instrument,1,Lot,0.01,AMC of BELSORP HP instrument | 1 | Lot | 0.01,Future_Procurement_Plan25-26.pdf
62,,4,AMC of BET Surface area Analyzer,1,Lot,0.01,AMC of BET Surface area Analyzer | 1 | Lot | 0.01,Future_Procurement_Plan25-26.pdf
62,,5,Spares of BELSORP HP instrument,1,Lot,0.04,Spares of BELSORP HP instrument | 1 | Lot | 0.04,Future_Procurement_Plan25-26.pdf
62,,6,Spares of BET Surface area Analyzer,1,Lot,0.04,Spares of BET Surface area Analyzer | 1 | Lot | 0.04,Future_Procurement_Plan25-26.pdf
62,,7,AMC for micro gas chromatograph,1,Lot,0.02,AMC for micro gas chromatograph | 1 | Lot | 0.02,Future_Procurement_Plan25-26.pdf
63,,8,Spares for fuel cell station,1,Lot,0.5,Spares for fuel cell station | 1 | Lot | 0.5,Future_Procurement_Plan25-26.pdf
63,,9,TECS (AMC) of ANSYS CFD software,1,,0.09,TECS (AMC) of ANSYS CFD software | 1 | SU | 0.09,Future_Procurement_Plan25-26.pdf
63,,10,AMC of DCN Analyzer,1,,0.03,AMC of DCN Analyzer | 1 | SU | 0.03,Future_Procurement_Plan25-26.pdf
63,,11,AMC of MATLAB software,1,,0.033,AMC of MATLAB software | 1 | SU | 0.033,Future_Procurement_Plan25-26.pdf
63,,12,Bearings,200,Nos.,0.04,Bearings | For ASTM D 1743 corrosion preventive test | 200 | Nos. | 0.04,Future_Procurement_Plan25-26.pdf
63,,1,H2 cylinder bank,1,lot,0.20,H2 cylinder bank | 250 bar H2 pressure | 1 | lot | 0.20,Future_Procurement_Plan25-26.pdf
63,,2,N/S Analyser,1,No,0.60,N/S Analyser | 1 | No | 0.60,Future_Procurement_Plan25-26.pdf
63,,3,HPLC with RI/PDA/CAD,1,lot,1.20,HPLC with RI/PDA/CAD | 1 | lot | 1.20,Future_Procurement_Plan25-26.pdf
63,,4,FT-Raman Spectrometer,1,lot,1.25,FT-Raman Spectrometer | 1 | lot | 1.25,Future_Procurement_Plan25-26.pdf
63,,6,Density meter,0.15,,,Density meter | 0.15,Future_Procurement_Plan25-26.pdf
63,,7,Cu corrosion apparatus,0.12,,,Cu corrosion apparatus | 0.12,Future_Procurement_Plan25-26.pdf
63,,8,Weighing balance (2 No. through GEM),0.4,,,Weighing balance (2 No. through GEM) | 0.4,Future_Procurement_Plan25-26.pdf
63,,9,Pour point bath apparatus,0.22,,,Pour point bath apparatus | 0.22,Future_Procurement_Plan25-26.pdf
63,,10,Refractive Index apparatus,0.15,,,Refractive Index apparatus | 0.15,Future_Procurement_Plan25-26.pdf
63,,11,Refractometer (ATF),0.30,,,Refractometer (ATF) | 0.30,Future_Procurement_Plan25-26.pdf
63,,12,Rancimat apparatus,0.30,,,Rancimat apparatus | 0.30,Future_Procurement_Plan25-26.pdf
63,,13,PMCC flash point,0.15,,,PMCC flash point | 0.15,Future_Procurement_Plan25-26.pdf
63,,14,Overhead Digital Stirrers,10,,0.15,Overhead Digital Stirrers | 10 | No s | 0.15,Future_Procurement_Plan25-26.pdf
63,,15,Benchtop Automatic Rotary Evaporation System,1,No,0.12,Benchtop Automatic Rotary Evaporation System | 1 | No | 0.12,Future_Procurement_Plan25-26.pdf
63,,16,Multi-Purpose Fixed Bed Reactor Unit,1,No,1.50,Multi-Purpose Fixed Bed Reactor Unit | 1 | No | 1.50,Future_Procurement_Plan25-26.pdf
63,,17,Magnetic Hotplates,3,No,0.30,Magnetic Hotplates | 3 | No | 0.30,Future_Procurement_Plan25-26.pdf
63,,18,PEM fuel single cell station along with utilities,3,,5,PEM fuel single cell station along with utilities | 0-200 Watts | 3 | No s. | 5,Future_Procurement_Plan25-26.pdf
63,,19,PEM fuel cell stack tests station,1,,15,PEM fuel cell stack tests station | 0-20 kW | 1 | No s. | 15,Future_Procurement_Plan25-26.pdf
63,,20,Fuel cell stack assembly,1,,10,Fuel cell stack assembly | For 1-50 kW | 1 | No s. | 10,Future_Procurement_Plan25-26.pdf
63,,21,C-S Analyser,1,,1.00,C-S Analyser | 1 | No s. | 1.00,Future_Procurement_Plan25-26.pdf
63,,22,API 579 Software,1,,0.50,API 579 Software | 1 | No s. | 0.50,Future_Procurement_Plan25-26.pdf
63,,23,hydraulic press,1,,0.10,hydraulic press | 1 | No s. | 0.10,Future_Procurement_Plan25-26.pdf
63,,24,Renewal of CFD Software & hardware,2,No.,2.0,Renewal of CFD Software & hardware | Perpetual network license | 2 | No. | 2.0,Future_Procurement_Plan25-26.pdf
63,,25,Renewal of Molecular modeling software,1,No.,0.6,Renewal of Molecular modeling software | License with HPC core | 1 | No. | 0.6,Future_Procurement_Plan25-26.pdf
63,,26,Three Roll Mill,1,lot,2.03,Three Roll Mill | 1 | lot | 2.03,Future_Procurement_Plan25-26.pdf
63,,27,Homogernizer Lab Scale,1,no,1.17,Homogernizer Lab Scale | 1 | no | 1.17,Future_Procurement_Plan25-26.pdf
63,,28,ETV-ICP for Graphite,1,no,1.58,ETV-ICP for Graphite | 1 | no | 1.58,Future_Procurement_Plan25-26.pdf
63,,29,High Pressure Reactor,4,No,4.78,High Pressure Reactor | 4 | No | 4.78,Future_Procurement_Plan25-26.pdf
63,,30,Freeze Dryer,2,no,3.21,Freeze Dryer | 2 | no | 3.21,Future_Procurement_Plan25-26.pdf
63,,31,Lab Equipments - Grease kettle – 10 Kg Water spray off test apparatus Refractometer Distilled water plant,04,,0.90,Lab Equipments - Grease kettle – 10 Kg Water spray off test apparatus Refractometer Distilled water plant | 04 | No s. | 0.90,Future_Procurement_Plan25-26.pdf
64,,1,"Pilot plant spares like spares of check valves, weigh scales, PLC cards, etc.",1,Lot,0.50,"Pilot plant spares like spares of check valves, weigh scales, PLC cards, etc. | 1 | Lot | 0.50",Future_Procurement_Plan25-26.pdf
64,,2,AMC of BELSORP HP instrument,1,Lot,0.01,AMC of BELSORP HP instrument | 1 | Lot | 0.01,Future_Procurement_Plan25-26.pdf
64,,3,AMC of BET Surface area Analyzer,1,Lot,0.01,AMC of BET Surface area Analyzer | 1 | Lot | 0.01,Future_Procurement_Plan25-26.pdf
64,,4,Spares of BELSORP HP instrument,1,Lot,0.04,Spares of BELSORP HP instrument | 1 | Lot | 0.04,Future_Procurement_Plan25-26.pdf
64,,5,Spares of BET Surface area Analyzer,1,Lot,0.04,Spares of BET Surface area Analyzer | 1 | Lot | 0.04,Future_Procurement_Plan25-26.pdf
64,,6,AMC of DCN Analyzer,1,,0.035,AMC of DCN Analyzer | 1 | SU | 0.035,Future_Procurement_Plan25-26.pdf
64,,7,AMC of MATLAB software,1,,0.037,AMC of MATLAB software | 1 | SU | 0.037,Future_Procurement_Plan25-26.pdf
64,,1,Micro Reactor Unit,2,No.,6,"Micro Reactor Unit | Capacity up to 150 g/hr, H2 rate up to 500 SLPH, Pressure 180 bar, temperature 450 degC | 2 | No. | 6",Future_Procurement_Plan25-26.pdf
64,,2,GC-FID,0.40,,,GC-FID | 0.40,Future_Procurement_Plan25-26.pdf
64,,3,CHNS Analyser,0.50,,,CHNS Analyser | 0.50,Future_Procurement_Plan25-26.pdf
64,,4,TGA-IR,0.95,,,TGA-IR | 0.95,Future_Procurement_Plan25-26.pdf
64,,5,Up-gradation of Jeol NMR or New NMR,1,lot,3.33,Up-gradation of Jeol NMR or New NMR | 1 | lot | 3.33,Future_Procurement_Plan25-26.pdf
64,,6,Mini Flash point tester,0.16,,,Mini Flash point tester | 0.16,Future_Procurement_Plan25-26.pdf
64,,7,Micro distillation apparatus,0.39,,,Micro distillation apparatus | 0.39,Future_Procurement_Plan25-26.pdf
64,,8,WSIM analyzer,0.18,,,WSIM analyzer | 0.18,Future_Procurement_Plan25-26.pdf
64,,9,Viscometer-SVM,0.32,,,Viscometer-SVM | 0.32,Future_Procurement_Plan25-26.pdf
64,,11,RSSOT analyzer,0.20,,,RSSOT analyzer | 0.20,Future_Procurement_Plan25-26.pdf
64,,12,Oxidation Stability analyzer,0.20,,,Oxidation Stability analyzer | 0.20,Future_Procurement_Plan25-26.pdf
64,,13,Melting Point Apparatus,1,No,0.10,Melting Point Apparatus | 1 | No | 0.10,Future_Procurement_Plan25-26.pdf
64,,14,Rheotens,1,No,0.75,Rheotens | 1 | No | 0.75,Future_Procurement_Plan25-26.pdf
64,,16,Business Analytics Software,2,,0.5,Business Analytics Software | Perpetual license with customized service | 2 | No . | 0.5,Future_Procurement_Plan25-26.pdf
64,,17,Renewal of MATLAB Software,5,No.,0.2,Renewal of MATLAB Software | Perpetual named network license with 1 year warranty | 5 | No. | 0.2,Future_Procurement_Plan25-26.pdf
64,,18,Balls and plates for tribometer,200,,0.04,Balls and plates for tribometer | 200 | Nos . | 0.04,Future_Procurement_Plan25-26.pdf
65,Capex Procurement Projected,1,"Pilot plant spares of level controllers, chillers, pressure gauges, etc",0.50,,,"Pilot plant spares of level controllers, chillers, pressure gauges, etc | 0.50",Future_Procurement_Plan25-26.pdf
65,Capex Procurement Projected,2,AMC of BELSORP HP instrument,1,Lot,0.01,AMC of BELSORP HP instrument | 1 | Lot | 0.01,Future_Procurement_Plan25-26.pdf
65,Capex Procurement Projected,3,AMC of BET Surface area Analyzer,1,Lot,0.01,AMC of BET Surface area Analyzer | 1 | Lot | 0.01,Future_Procurement_Plan25-26.pdf
65,Capex Procurement Projected,4,Spares of BELSORP HP instrument,1,Lot,0.04,Spares of BELSORP HP instrument | 1 | Lot | 0.04,Future_Procurement_Plan25-26.pdf
65,Capex Procurement Projected,5,Spares of BET Surface area Analyzer,1,Lot,0.04,Spares of BET Surface area Analyzer | 1 | Lot | 0.04,Future_Procurement_Plan25-26.pdf
65,Capex Procurement Projected,6,TECS (AMC) of ANSYS CFD software,2,,0.19,TECS (AMC) of ANSYS CFD software | 2 | SU | 0.19,Future_Procurement_Plan25-26.pdf
65,Capex Procurement Projected,7,AMC of DCN Analyzer,1,,0.04,AMC of DCN Analyzer | 1 | SU | 0.04,Future_Procurement_Plan25-26.pdf
65,Capex Procurement Projected,1,Heavy End Hydroprocessing Pilot Plant (part),1,No.,2.10,"Heavy End Hydroprocessing Pilot Plant (part) | Capacity up to 1000 g/hr, H2 rate up to 600 SLPH, Pressure 200 bar, temperature 500 degC | 1 | No. | 2.10",Future_Procurement_Plan25-26.pdf
65,Capex Procurement Projected,2,Asphaltene Extraction system,4,,0.31,"Asphaltene Extraction system | Weigh scales, Ovens, Rotary evaporators, Asphaltene extractors | 4 | Nos . | 0.31",Future_Procurement_Plan25-26.pdf
65,Capex Procurement Projected,3,Hydrogen Generation Plants (Electrolyzer),2,,4.34,"Hydrogen Generation Plants (Electrolyzer) | Capacity 6 NM3/hr each, 99.999% H2 Purity | 2 | Nos . | 4.34",Future_Procurement_Plan25-26.pdf
65,Capex Procurement Projected,4,GC-SCD,1,lot,0.70,GC-SCD | 1 | lot | 0.70,Future_Procurement_Plan25-26.pdf
65,Capex Procurement Projected,5,Eluent Generator for IC,1,lot,0.20,Eluent Generator for IC | 1 | lot | 0.20,Future_Procurement_Plan25-26.pdf
65,Capex Procurement Projected,6,UV-Vis-NIR Spectrometer,1,lot,0.57,UV-Vis-NIR Spectrometer | 1 | lot | 0.57,Future_Procurement_Plan25-26.pdf
65,Capex Procurement Projected,7,Glassware washers,1,lot,0.31,Glassware washers | 1 | lot | 0.31,Future_Procurement_Plan25-26.pdf
65,Capex Procurement Projected,8,Lab furniture (F&A block),1,lot,1.04,Lab furniture (F&A block) | 1 | lot | 1.04,Future_Procurement_Plan25-26.pdf
65,Capex Procurement Projected,9,Tube rater for JFTOT,1,lot,0.58,Tube rater for JFTOT | 1 | lot | 0.58,Future_Procurement_Plan25-26.pdf
65,Capex Procurement Projected,10,Deep freezer,1,No,0.02,Deep freezer | 1 | No | 0.02,Future_Procurement_Plan25-26.pdf
65,Capex Procurement Projected,11,Distillation D86 apparatus,1,No,0.15,Distillation D86 apparatus | 1 | No | 0.15,Future_Procurement_Plan25-26.pdf
65,Capex Procurement Projected,12,Stability analyzer for residual fuel,1,No,0.50,Stability analyzer for residual fuel | 1 | No | 0.50,Future_Procurement_Plan25-26.pdf
65,Capex Procurement Projected,13,Low temperature bath,1,No,0.03,Low temperature bath | 1 | No | 0.03,Future_Procurement_Plan25-26.pdf
65,Capex Procurement Projected,14,Oil foaming bath,1,No,0.15,Oil foaming bath | 1 | No | 0.15,Future_Procurement_Plan25-26.pdf
65,Capex Procurement Projected,15,Vacuum pump,1,No,0.04,Vacuum pump | 1 | No | 0.04,Future_Procurement_Plan25-26.pdf
65,Capex Procurement Projected,16,Ultra Low Temperature Systems,2,No,0.10,Ultra Low Temperature Systems | 2 | No | 0.10,Future_Procurement_Plan25-26.pdf
65,Capex Procurement Projected,17,Re-circulating Chiller-0.5KW Cooling Capacity,1,No,0.22,Re-circulating Chiller-0.5KW Cooling Capacity | 1 | No | 0.22,Future_Procurement_Plan25-26.pdf
65,Capex Procurement Projected,18,Low temperature impact tester,1,No,0.59,Low temperature impact tester | 1 | No | 0.59,Future_Procurement_Plan25-26.pdf
65,Capex Procurement Projected,19,Solar based Hydrogen Infrastructure,1,Nos.,7.1,Solar based Hydrogen Infrastructure | 1 | Nos. | 7.1,Future_Procurement_Plan25-26.pdf
65,Capex Procurement Projected,20,Natural gas and bio-CNG reforming based hydrogen infrastructure,1,Nos,6.9,Natural gas and bio-CNG reforming based hydrogen infrastructure | 1 | Nos | 6.9,Future_Procurement_Plan25-26.pdf
65,Capex Procurement Projected,21,Development of oxy-steam biomass gasification process,1,Lot,4.6,Development of oxy-steam biomass gasification process | 1 | Lot | 4.6,Future_Procurement_Plan25-26.pdf
65,Capex Procurement Projected,22,Membrane performance evaluation test facility (release of balance 10% payment after installation and commissioning),1,Nos,0.3,Membrane performance evaluation test facility (release of balance 10% payment after installation and commissioning) | 1 | Nos | 0.3,Future_Procurement_Plan25-26.pdf
65,Capex Procurement Projected,23,Micropipettes,3,,,Micropipettes | 1-1000 µL | 3 | Nos . | <0.01,Future_Procurement_Plan25-26.pdf
65,Capex Procurement Projected,24,Hot plate magnetic stirrer,2,Nos,0.02,Hot plate magnetic stirrer | Max. 350 °C | 2 | Nos | 0.02,Future_Procurement_Plan25-26.pdf
65,Capex Procurement Projected,25,Rotary Evaporator,1,Nos,0.12,Rotary Evaporator | Max. 200 °C | 1 | Nos | 0.12,Future_Procurement_Plan25-26.pdf
66,,26,Analytical balance,1,Nos,0.07,Analytical balance | 220 g/82 g with readability of 0.1/0.01 mg | 1 | Nos | 0.07,Future_Procurement_Plan25-26.pdf
66,,27,Ultrapure water dispenser,1,,0.09,Ultrapure water dispenser | Type-1 water | 1 | Nos . | 0.09,Future_Procurement_Plan25-26.pdf
66,,28,Muffle furnace,1,Nos,0.17,Muffle furnace | 1400 °C | 1 | Nos | 0.17,Future_Procurement_Plan25-26.pdf
66,,29,Hot air oven,1,Nos,0.01,Hot air oven | 250 °C | 1 | Nos | 0.01,Future_Procurement_Plan25-26.pdf
66,,30,Vacuum oven,1,Nos,0.08,Vacuum oven | 200 °C | 1 | Nos | 0.08,Future_Procurement_Plan25-26.pdf
66,,31,Centrifuge,1,,0.03,"Centrifuge | 50 ml, 20000 rpm | 1 | Nos . | 0.03",Future_Procurement_Plan25-26.pdf
66,,32,pH meter,1,Nos,0.01,pH meter | -2..20 pH | 1 | Nos | 0.01,Future_Procurement_Plan25-26.pdf
66,,33,Micro Scale Reactor Unit,1,,,Micro Scale Reactor Unit | 1 | Nos . | -,Future_Procurement_Plan25-26.pdf
66,,34,Integrated Gasification Plant,1,,,Integrated Gasification Plant | 1 | Nos . | -,Future_Procurement_Plan25-26.pdf
66,,35,Advanced Metallurgical Microscope,1,,0.5,Advanced Metallurgical Microscope | 1 | Nos . | 0.5,Future_Procurement_Plan25-26.pdf
66,,36,High temperature furnace,1,,0.1,High temperature furnace | 1 | Nos . | 0.1,Future_Procurement_Plan25-26.pdf
66,,37,Design of Experiment (DOE) Software,5,Nos,0.13,Design of Experiment (DOE) Software | Concurrent network license for 4 years term with warranty cover | 5 | Nos | 0.13,Future_Procurement_Plan25-26.pdf
66,,38,MATLAB Software and associated toolboxes,3,Nos,0.15,MATLAB Software and associated toolboxes | Perpetual named network license with 1 year warranty | 3 | Nos | 0.15,Future_Procurement_Plan25-26.pdf
66,,39,Vacuum Oven,2,,0.26,Vacuum Oven | 2 | Nos . | 0.26,Future_Procurement_Plan25-26.pdf
66,,41,Balance,2,,0.17,Balance | 2 | Nos . | 0.17,Future_Procurement_Plan25-26.pdf
66,,42,Magnetic Stirrer,2,,0.06,Magnetic Stirrer | 2 | Nos . | 0.06,Future_Procurement_Plan25-26.pdf
66,,43,Over head stirrer,2,,0.06,Over head stirrer | 2 | Nos . | 0.06,Future_Procurement_Plan25-26.pdf
66,,44,Colloidal mill,1,,0.49,Colloidal mill | 1 | Nos . | 0.49,Future_Procurement_Plan25-26.pdf
66,,45,Three Roll Mill,1,Nos,2.03,Three Roll Mill | 1 | Nos | 2.03,Future_Procurement_Plan25-26.pdf
66,,46,Online PSA,1,Nos,0.93,Online PSA | 1 | Nos | 0.93,Future_Procurement_Plan25-26.pdf
66,,47,Lab Equipments - Microwave reactor Microwave furnace Salt spray machine,04,,0.97,Lab Equipments - Microwave reactor Microwave furnace Salt spray machine | 04 | Nos . | 0.97,Future_Procurement_Plan25-26.pdf
66,,1,pH meter,1,Nos,0.01,pH meter | -2..20 pH | 1 | Nos | 0.01,Future_Procurement_Plan25-26.pdf
66,,2,Micro Scale Reactor Unit,1,Nos.,,Micro Scale Reactor Unit | 1 | Nos. | -,Future_Procurement_Plan25-26.pdf
66,,3,Integrated Gasification Plant,1,Nos.,,Integrated Gasification Plant | 1 | Nos. | -,Future_Procurement_Plan25-26.pdf
66,,4,Planetary centrifugal mixture,1,Nos.,0.3,Planetary centrifugal mixture | 1 | Nos. | 0.3,Future_Procurement_Plan25-26.pdf
66,,5,Mechanical ARC,0.09,,,Mechanical ARC | Lumpsum | 0.09,Future_Procurement_Plan25-26.pdf
66,,6,Spares of Electrolroyer and compressor unit,1,Lot,0.35,Spares of Electrolroyer and compressor unit | 1 | Lot | 0.35,Future_Procurement_Plan25-26.pdf
66,,7,AMC of Hydrogen Infrastructure,1,Lot,0.76,AMC of Hydrogen Infrastructure | 1 | Lot | 0.76,Future_Procurement_Plan25-26.pdf
66,,8,AMC of BELSORP HP instrument,1,Lot,0.01,AMC of BELSORP HP instrument | 1 | Lot | 0.01,Future_Procurement_Plan25-26.pdf
66,,9,AMC of BET Surface area Analyzer,1,Lot,0.01,AMC of BET Surface area Analyzer | 1 | Lot | 0.01,Future_Procurement_Plan25-26.pdf
66,,10,Spares of BELSORP HP instrument,1,Lot,0.04,Spares of BELSORP HP instrument | 1 | Lot | 0.04,Future_Procurement_Plan25-26.pdf
66,,11,Spares of BET Surface area Analyzer,1,Lot,0.04,Spares of BET Surface area Analyzer | 1 | Lot | 0.04,Future_Procurement_Plan25-26.pdf
66,,12,TECS (AMC) of ANSYS CFD software,1,,0.08,TECS (AMC) of ANSYS CFD software | 1 | SU | 0.08,Future_Procurement_Plan25-26.pdf
66,,13,AMC of DCN Analyzer,1,,0.02,AMC of DCN Analyzer | 1 | SU | 0.02,Future_Procurement_Plan25-26.pdf
67,,14,608 test bearings,10,Lot,0.02,608 test bearings | For Noise testing rig | 10 | Lot | 0.02,Future_Procurement_Plan25-26.pdf
67,,3,1415/1417/1418,1415,,5.63,1415 | 1415/1417/1418 | 264.86 | MTs | 5.63,Future_Procurement_Plan25-26.pdf
67,,12,1617/1772+4574,1685,,0.34,1685 | 1617/1772+4574 | 12.19 | MTs | 0.34,Future_Procurement_Plan25-26.pdf
68,,71,6038/6102,6017,,0.19,6017 | 6038/6102 | 8.07 | MTs | 0.19,Future_Procurement_Plan25-26.pdf
68,,75,6038/6017,6102,,6.96,6102 | 6038/6017 | 489.24 | MTs | 6.96,Future_Procurement_Plan25-26.pdf
68,,95,8133/8120,8121,,12.33,8121 | 8133/8120 | 729.54 | MTs | 12.33,Future_Procurement_Plan25-26.pdf
68,,109,65684/65682,65646,,1.92,65646 | 65684/65682 | 104.19 | MTs | 1.92,Future_Procurement_Plan25-26.pdf
69,,138,1599/1613,1545,,8.46,1545 | 1599/1613 | 405.95 | MTs | 8.46,Future_Procurement_Plan25-26.pdf
69,,150,1774/1772,1617,,28.30,"1617 | 1774/1772 | 1,504.91 | MTs | 28.30",Future_Procurement_Plan25-26.pdf
69,,168,1712/1714,1710,,7.16,1710 | 1712/1714 | 231.53 | MTs | 7.16,Future_Procurement_Plan25-26.pdf
71,,235,1236/1231,1233,,4.12,1233 | 1236/1231 | 108.82 | MTs | 4.12,Future_Procurement_Plan25-26.pdf
71,,240,1507/1534,1551,,1.10,1551 | 1507/1534 | 26.08 | MTs | 1.10,Future_Procurement_Plan25-26.pdf
71,,241,1599+3001/1543+460 1,1553,,3.24,1553 | 1599+3001/1543+460 1 | 134.54 | MTs | 3.24,Future_Procurement_Plan25-26.pdf
71,,243,1738/1770,1575,,0.27,1575 | 1738/1770 | 9.34 | MTs | 0.27,Future_Procurement_Plan25-26.pdf
71,,247,1617/1585+1621,1643,,6.04,1643 | 1617/1585+1621 | 370.44 | MTs | 6.04,Future_Procurement_Plan25-26.pdf
72,,290,6012/6015,6025,,4.37,6025 | 6012/6015 | 172.53 | MTs | 4.37,Future_Procurement_Plan25-26.pdf
72,,323,1599/1613,1543,,45.06,"1543 | 1599/1613 | 2,292.10 | MTs | 45.06",Future_Procurement_Plan25-26.pdf
72,,343,1756/1758,1752,,2.14,1752 | 1756/1758 | 57.88 | MTs | 2.14,Future_Procurement_Plan25-26.pdf
72,,347,81621/81622/81623,8162,,4.41,8162 | 81621/81622/81623 | 115.76 | MTs | 4.41,Future_Procurement_Plan25-26.pdf
73,,3,1415/1417/1418,1415,,5.91,1415 | 1415/1417/1418 | 278.11 | MTs | 5.91,Future_Procurement_Plan25-26.pdf
73,,12,1617/1772+4574,1685,,0.35,1685 | 1617/1772+4574 | 12.80 | MTs | 0.35,Future_Procurement_Plan25-26.pdf
74,,71,6038/6102,6017,,0.20,6017 | 6038/6102 | 8.47 | MTs | 0.20,Future_Procurement_Plan25-26.pdf
74,,75,6038/6017,6102,,7.31,6102 | 6038/6017 | 513.70 | MTs | 7.31,Future_Procurement_Plan25-26.pdf
74,,95,8133/8120,8121,,12.94,8121 | 8133/8120 | 766.01 | MTs | 12.94,Future_Procurement_Plan25-26.pdf
74,,109,65684/65682,65646,,2.02,65646 | 65684/65682 | 109.40 | MTs | 2.02,Future_Procurement_Plan25-26.pdf
74,,110,65684/65682,65654,,1.05,65654 | 65684/65682 | 58.34 | MTs | 1.05,Future_Procurement_Plan25-26.pdf
75,,138,1599/1613,1545,,8.88,1545 | 1599/1613 | 426.25 | MTs | 8.88,Future_Procurement_Plan25-26.pdf
75,,150,1774/1772,1617,,29.71,"1617 | 1774/1772 | 1,580.16 | MTs | 29.71",Future_Procurement_Plan25-26.pdf
75,,168,1712/1714,1710,,7.52,1710 | 1712/1714 | 243.10 | MTs | 7.52,Future_Procurement_Plan25-26.pdf
76,,230,2004/20042,20041,,2.44,20041 | 2004/20042 | 34.03 | MTs | 2.44,Future_Procurement_Plan25-26.pdf
76,,235,1236/1231,1233,,4.32,1233 | 1236/1231 | 114.26 | MTs | 4.32,Future_Procurement_Plan25-26.pdf
77,,240,1507/1534,1551,,1.16,1551 | 1507/1534 | 27.39 | MTs | 1.16,Future_Procurement_Plan25-26.pdf
77,,241,1599+3001/1543+4601,1553,,3.40,1553 | 1599+3001/1543+4601 | 141.27 | MTs | 3.40,Future_Procurement_Plan25-26.pdf
77,,243,1738/1770,1575,,0.28,1575 | 1738/1770 | 9.80 | MTs | 0.28,Future_Procurement_Plan25-26.pdf
77,,247,1617/1585+1621,1643,,6.34,1643 | 1617/1585+1621 | 388.96 | MTs | 6.34,Future_Procurement_Plan25-26.pdf
77,,290,6012/6015,6025,,4.59,6025 | 6012/6015 | 181.16 | MTs | 4.59,Future_Procurement_Plan25-26.pdf
78,,323,1599/1613,1543,,47.31,"1543 | 1599/1613 | 2,406.70 | MTs | 47.31",Future_Procurement_Plan25-26.pdf
78,,343,1756/1758,1752,,2.24,1752 | 1756/1758 | 60.78 | MTs | 2.24,Future_Procurement_Plan25-26.pdf
78,,347,81621/81622/81623,8162,,4.63,8162 | 81621/81622/81623 | 121.55 | MTs | 4.63,Future_Procurement_Plan25-26.pdf
78,,349,1666/1756,1764,,2.53,1764 | 1666/1756 | 60.78 | MTs | 2.53,Future_Procurement_Plan25-26.pdf
79,,3,1415/1417/1418,1415,,6.03,1415 | 1415/1417/1418 | 283.67 | MTs | 6.03,Future_Procurement_Plan25-26.pdf
79,,12,1617/1772+4574,1685,,0.36,1685 | 1617/1772+4574 | 13.06 | MTs | 0.36,Future_Procurement_Plan25-26.pdf
80,,71,6038/6102,6017,,0.20,6017 | 6038/6102 | 8.64 | MTs | 0.20,Future_Procurement_Plan25-26.pdf
80,,75,6038/6017,6102,,7.46,6102 | 6038/6017 | 523.97 | MTs | 7.46,Future_Procurement_Plan25-26.pdf
80,,95,8133/8120,8121,,13.20,8121 | 8133/8120 | 781.33 | MTs | 13.20,Future_Procurement_Plan25-26.pdf
81,,109,65684/65682,65646,,2.06,65646 | 65684/65682 | 111.59 | MTs | 2.06,Future_Procurement_Plan25-26.pdf
81,,110,65684/65682,65654,,1.07,65654 | 65684/65682 | 59.51 | MTs | 1.07,Future_Procurement_Plan25-26.pdf
81,,138,1599/1613,1545,,9.06,1545 | 1599/1613 | 434.78 | MTs | 9.06,Future_Procurement_Plan25-26.pdf
81,,150,1774/1772,1617,,30.30,1617 | 1774/1772 | 1611.76 | MTs | 30.30,Future_Procurement_Plan25-26.pdf
82,,168,1712/1714,1710,,7.67,1710 | 1712/1714 | 247.96 | MTs | 7.67,Future_Procurement_Plan25-26.pdf
83,,230,2004/20042,20041,,2.49,20041 | 2004/20042 | 34.71 | MTs | 2.49,Future_Procurement_Plan25-26.pdf
83,,235,1236/1231,1233,,4.41,1233 | 1236/1231 | 116.55 | MTs | 4.41,Future_Procurement_Plan25-26.pdf
83,,240,1507/1534,1551,,1.18,1551 | 1507/1534 | 27.94 | MTs | 1.18,Future_Procurement_Plan25-26.pdf
83,,241,1599+3001/1543+4601,1553,,3.47,1553 | 1599+3001/1543+4601 | 144.10 | MTs | 3.47,Future_Procurement_Plan25-26.pdf
83,,243,1738/1770,1575,,0.29,1575 | 1738/1770 | 10.00 | MTs | 0.29,Future_Procurement_Plan25-26.pdf
83,,247,1617/1585+1621,1643,,6.47,1643 | 1617/1585+1621 | 396.74 | MTs | 6.47,Future_Procurement_Plan25-26.pdf
84,,290,6012/6015,6025,,4.68,6025 | 6012/6015 | 184.78 | MTs | 4.68,Future_Procurement_Plan25-26.pdf
85,,323,1599/1613,1543,,48.26,1543 | 1599/1613 | 2454.83 | MTs | 48.26,Future_Procurement_Plan25-26.pdf
85,,343,1756/1758,1752,,2.28,1752 | 1756/1758 | 62.00 | MTs | 2.28,Future_Procurement_Plan25-26.pdf
85,,347,81621/81622/81623,8162,,4.72,8162 | 81621/81622/81623 | 123.98 | MTs | 4.72,Future_Procurement_Plan25-26.pdf
85,,349,1666/1756,1764,,2.58,1764 | 1666/1756 | 62.00 | MTs | 2.58,Future_Procurement_Plan25-26.pdf
86,,3,1415/1417/1418,1415,,6.15,1415 | 1415/1417/1418 | 289.35 | MTs | 6.15,Future_Procurement_Plan25-26.pdf
86,,12,1617/1772+4574,1685,,0.36,1685 | 1617/1772+4574 | 13.32 | MTs | 0.36,Future_Procurement_Plan25-26.pdf
87,,71,6038/6102,6017,,0.21,6017 | 6038/6102 | 8.81 | MTs | 0.21,Future_Procurement_Plan25-26.pdf
87,,75,6038/6017,6102,,7.61,6102 | 6038/6017 | 534.45 | MTs | 7.61,Future_Procurement_Plan25-26.pdf
87,,95,8133/8120,8121,,13.46,8121 | 8133/8120 | 796.96 | MTs | 13.46,Future_Procurement_Plan25-26.pdf
88,,109,65684/65682,65646,,2.10,65646 | 65684/65682 | 113.82 | MTs | 2.10,Future_Procurement_Plan25-26.pdf
88,,110,65684/65682,65654,,1.09,65654 | 65684/65682 | 60.70 | MTs | 1.09,Future_Procurement_Plan25-26.pdf
88,,138,1599/1613,1545,,9.24,1545 | 1599/1613 | 443.47 | MTs | 9.24,Future_Procurement_Plan25-26.pdf
89,,150,1774/1772,1617,,30.91,1617 | 1774/1772 | 1644.00 | MTs | 30.91,Future_Procurement_Plan25-26.pdf
89,,168,1712/1714,1710,,7.82,1710 | 1712/1714 | 252.92 | MTs | 7.82,Future_Procurement_Plan25-26.pdf
90,,230,2004/20042,20041,,2.54,20041 | 2004/20042 | 35.40 | MTs | 2.54,Future_Procurement_Plan25-26.pdf
90,,235,1236/1231,1233,,4.49,1233 | 1236/1231 | 118.88 | MTs | 4.49,Future_Procurement_Plan25-26.pdf
90,,240,1507/1534,1551,,1.21,1551 | 1507/1534 | 28.50 | MTs | 1.21,Future_Procurement_Plan25-26.pdf
90,,241,1599+3001/1543+4601,1553,,3.54,1553 | 1599+3001/1543+4601 | 146.98 | MTs | 3.54,Future_Procurement_Plan25-26.pdf
90,,243,1738/1770,1575,,0.29,1575 | 1738/1770 | 10.20 | MTs | 0.29,Future_Procurement_Plan25-26.pdf
90,,247,1617/1585+1621,1643,,6.60,1643 | 1617/1585+1621 | 404.67 | MTs | 6.60,Future_Procurement_Plan25-26.pdf
91,,290,6012/6015,6025,,4.78,6025 | 6012/6015 | 188.48 | MTs | 4.78,Future_Procurement_Plan25-26.pdf
92,,323,1599/1613,1543,,49.22,1543 | 1599/1613 | 2503.93 | MTs | 49.22,Future_Procurement_Plan25-26.pdf
92,,343,1756/1758,1752,,2.33,1752 | 1756/1758 | 63.24 | MTs | 2.33,Future_Procurement_Plan25-26.pdf
92,,347,81621/81622/81623,8162,,4.82,8162 | 81621/81622/81623 | 126.46 | MTs | 4.82,Future_Procurement_Plan25-26.pdf
93,,349,1666/1756,1764,,2.63,1764 | 1666/1756 | 63.24 | MTs | 2.63,Future_Procurement_Plan25-26.pdf
93,,3,1415/1417/1418,1415,,6.27,1415 | 1415/1417/1418 | 295.13 | MTs | 6.27,Future_Procurement_Plan25-26.pdf
93,,12,1617/1772+4574,1685,,0.37,1685 | 1617/1772+4574 | 13.58 | MTs | 0.37,Future_Procurement_Plan25-26.pdf
94,,71,6038/6102,6017,,0.21,6017 | 6038/6102 | 8.99 | MTs | 0.21,Future_Procurement_Plan25-26.pdf
94,,75,6038/6017,6102,,7.76,6102 | 6038/6017 | 545.14 | MTs | 7.76,Future_Procurement_Plan25-26.pdf
95,,109,65684/65682,65646,,2.14,65646 | 65684/65682 | 116.10 | MTs | 2.14,Future_Procurement_Plan25-26.pdf
95,,110,65684/65682,65654,,1.11,65654 | 65684/65682 | 61.91 | MTs | 1.11,Future_Procurement_Plan25-26.pdf
95,,138,1599/1613,1545,,9.42,1545 | 1599/1613 | 452.34 | MTs | 9.42,Future_Procurement_Plan25-26.pdf
96,,150,1774/1772,1617,,31.53,1617 | 1774/1772 | 1676.88 | MTs | 31.53,Future_Procurement_Plan25-26.pdf
96,,168,1712/1714,1710,,7.98,1710 | 1712/1714 | 257.98 | MTs | 7.98,Future_Procurement_Plan25-26.pdf
97,,230,2004/20042,20041,,2.59,20041 | 2004/20042 | 36.11 | MTs | 2.59,Future_Procurement_Plan25-26.pdf
97,,235,1236/1231,1233,,4.58,1233 | 1236/1231 | 121.25 | MTs | 4.58,Future_Procurement_Plan25-26.pdf
97,,240,1507/1534,1551,,1.23,1551 | 1507/1534 | 29.07 | MTs | 1.23,Future_Procurement_Plan25-26.pdf
97,,241,1599+3001/1543+4601,1553,,3.61,1553 | 1599+3001/1543+4601 | 149.92 | MTs | 3.61,Future_Procurement_Plan25-26.pdf
97,,243,1738/1770,1575,,0.30,1575 | 1738/1770 | 10.40 | MTs | 0.30,Future_Procurement_Plan25-26.pdf
98,,247,1617/1585+1621,1643,,6.73,1643 | 1617/1585+1621 | 412.77 | MTs | 6.73,Future_Procurement_Plan25-26.pdf
98,,290,6012/6015,6025,,4.87,6025 | 6012/6015 | 192.25 | MTs | 4.87,Future_Procurement_Plan25-26.pdf
99,,323,1599/1613,1543,,50.21,1543 | 1599/1613 | 2554.01 | MTs | 50.21,Future_Procurement_Plan25-26.pdf
99,,343,1756/1758,1752,,2.38,1752 | 1756/1758 | 64.50 | MTs | 2.38,Future_Procurement_Plan25-26.pdf
100,,347,81621/81622/81623,8162,,4.91,8162 | 81621/81622/81623 | 128.99 | MTs | 4.91,Future_Procurement_Plan25-26.pdf
100,,349,1666/1756,1764,,2.68,1764 | 1666/1756 | 64.50 | MTs | 2.68,Future_Procurement_Plan25-26.pdf
101,,1,Pipeline,"1,04,624",,35.71,"Pipeline | API 5L / IS3589 /IS1258 | 1,04,624 | RM | 35.71",Future_Procurement_Plan25-26.pdf
101,,2,Steel Plates,"23,890",,151.66,"Steel Plates | IS 2062 Gr B | 23,890 | TO | 151.66",Future_Procurement_Plan25-26.pdf
101,,3,Centrifugal Pump,159,EA,12.14,Pump | Centrifugal Pump | 159 | EA | 12.14,Future_Procurement_Plan25-26.pdf
101,,4,Fire Pump,28,EA,5.13,Pump | Fire Pump | 28 | EA | 5.13,Future_Procurement_Plan25-26.pdf
101,,5,Screw Pump,19,EA,1.10,Pump | Screw Pump | 19 | EA | 1.10,Future_Procurement_Plan25-26.pdf
101,,6,Manual Ball / Gate / Butterfly Valves,"1,462",EA,1.96,"Valve | Manual Ball / Gate / Butterfly Valves | 1,462 | EA | 1.96",Future_Procurement_Plan25-26.pdf
101,,7,Motorized Ball / Gate / Butterfly Valves,"1,057",EA,24.34,"Valve | Motorized Ball / Gate / Butterfly Valves | 1,057 | EA | 24.34",Future_Procurement_Plan25-26.pdf
101,,8,Double Block & Bleed Valve (DBBV),158,EA,8.07,Valve | Double Block & Bleed Valve (DBBV) | 158 | EA | 8.07,Future_Procurement_Plan25-26.pdf
101,,9,TOBV with Pneumatic or EH Actuator (ROSOV),113,EA,9.82,Valve | TOBV with Pneumatic or EH Actuator (ROSOV) | 113 | EA | 9.82,Future_Procurement_Plan25-26.pdf
101,,10,TOBV with Electrical Actuator,237,EA,12.43,Valve | TOBV with Electrical Actuator | 237 | EA | 12.43,Future_Procurement_Plan25-26.pdf
101,,11,Mass Flow Meter,5,EA,3.29,MFM | Mass Flow Meter | 5 | EA | 3.29,Future_Procurement_Plan25-26.pdf
101,,1,Pipeline,"1,09,855",,37.49,"Pipeline | API 5L / IS3589 /IS1258 | 1,09,855 | RM | 37.49",Future_Procurement_Plan25-26.pdf
101,,2,Steel Plates,"25,085",,159.24,"Steel Plates | IS 2062 Gr B | 25,085 | TO | 159.24",Future_Procurement_Plan25-26.pdf
101,,3,Centrifugal Pump,167,EA,12.75,Pump | Centrifugal Pump | 167 | EA | 12.75,Future_Procurement_Plan25-26.pdf
101,,4,Fire Pump,29,EA,5.38,Pump | Fire Pump | 29 | EA | 5.38,Future_Procurement_Plan25-26.pdf
101,,5,Screw Pump,20,EA,1.16,Pump | Screw Pump | 20 | EA | 1.16,Future_Procurement_Plan25-26.pdf
101,,6,Manual Ball / Gate / Butterfly Valves,"1,535",EA,2.05,"Valve | Manual Ball / Gate / Butterfly Valves | 1,535 | EA | 2.05",Future_Procurement_Plan25-26.pdf
101,,7,Motorized Ball / Gate / Butterfly Valves,"1,110",EA,25.56,"Valve | Motorized Ball / Gate / Butterfly Valves | 1,110 | EA | 25.56",Future_Procurement_Plan25-26.pdf
101,,8,Double Block & Bleed Valve (DBBV),166,EA,8.48,Valve | Double Block & Bleed Valve (DBBV) | 166 | EA | 8.48,Future_Procurement_Plan25-26.pdf
101,,9,TOBV with Pneumatic or EH Actuator (ROSOV),119,EA,10.31,Valve | TOBV with Pneumatic or EH Actuator (ROSOV) | 119 | EA | 10.31,Future_Procurement_Plan25-26.pdf
101,,10,TOBV with Electrical Actuator,249,EA,13.05,Valve | TOBV with Electrical Actuator | 249 | EA | 13.05,Future_Procurement_Plan25-26.pdf
101,,11,Mass Flow Meter,5,EA,3.46,MFM | Mass Flow Meter | 5 | EA | 3.46,Future_Procurement_Plan25-26.pdf
102,,1,Pipeline,"1,15,348",,39.37,"Pipeline | API 5L / IS3589 /IS1258 | 1,15,348 | RM | 39.37",Future_Procurement_Plan25-26.pdf
102,,2,Steel Plates,"26,339",,167.20,"Steel Plates | IS 2062 Gr B | 26,339 | TO | 167.20",Future_Procurement_Plan25-26.pdf
102,,3,Centrifugal Pump,175,EA,13.39,Pump | Centrifugal Pump | 175 | EA | 13.39,Future_Procurement_Plan25-26.pdf
102,,4,Fire Pump,30,EA,5.65,Pump | Fire Pump | 30 | EA | 5.65,Future_Procurement_Plan25-26.pdf
102,,5,Screw Pump,21,EA,1.21,Pump | Screw Pump | 21 | EA | 1.21,Future_Procurement_Plan25-26.pdf
102,,6,Manual Ball / Gate / Butterfly Valves,"1,612",EA,2.16,"Valve | Manual Ball / Gate / Butterfly Valves | 1,612 | EA | 2.16",Future_Procurement_Plan25-26.pdf
102,,7,Motorized Ball / Gate / Butterfly Valves,"1,166",EA,26.83,"Valve | Motorized Ball / Gate / Butterfly Valves | 1,166 | EA | 26.83",Future_Procurement_Plan25-26.pdf
102,,8,Double Block & Bleed Valve (DBBV),174,EA,8.90,Valve | Double Block & Bleed Valve (DBBV) | 174 | EA | 8.90,Future_Procurement_Plan25-26.pdf
102,,9,TOBV with Pneumatic or EH Actuator (ROSOV),125,EA,10.83,Valve | TOBV with Pneumatic or EH Actuator (ROSOV) | 125 | EA | 10.83,Future_Procurement_Plan25-26.pdf
102,,10,TOBV with Electrical Actuator,261,EA,13.70,Valve | TOBV with Electrical Actuator | 261 | EA | 13.70,Future_Procurement_Plan25-26.pdf
102,,11,Mass Flow Meter,5,EA,3.63,MFM | Mass Flow Meter | 5 | EA | 3.63,Future_Procurement_Plan25-26.pdf
102,,2,Steel Plates,"26,339",,167.2,"Steel Plates | IS 2062 Gr B | 26,339 | TO | 167.2",Future_Procurement_Plan25-26.pdf
102,,8,Double Block & Bleed Valve (DBBV),174,EA,8.9,Valve | Double Block & Bleed Valve (DBBV) | 174 | EA | 8.9,Future_Procurement_Plan25-26.pdf
102,,10,TOBV with Electrical Actuator,261,EA,13.7,Valve | TOBV with Electrical Actuator | 261 | EA | 13.7,Future_Procurement_Plan25-26.pdf
102,,1,Pipeline,40.96,,,Pipeline | API 5L / IS3589 /IS1258 | 120008.059 2 | RM | 40.96,Future_Procurement_Plan25-26.pdf
102,,2,Steel Plates,27403.0956,,174,Steel Plates | IS 2062 Gr B | 27403.0956 | TO | 174,Future_Procurement_Plan25-26.pdf
102,,3,Centrifugal Pump,182.07,EA,13.93,Pump | Centrifugal Pump | 182.07 | EA | 13.93,Future_Procurement_Plan25-26.pdf
102,,4,Fire Pump,31.212,EA,5.878,Pump | Fire Pump | 31.212 | EA | 5.878,Future_Procurement_Plan25-26.pdf
102,,5,Screw Pump,21.8484,EA,1.259,Pump | Screw Pump | 21.8484 | EA | 1.259,Future_Procurement_Plan25-26.pdf
102,,6,Manual Ball / Gate / Butterfly Valves,1677.1248,EA,2.247,Valve | Manual Ball / Gate / Butterfly Valves | 1677.1248 | EA | 2.247,Future_Procurement_Plan25-26.pdf
102,,7,Motorized Ball / Gate / Butterfly Valves,1213.1064,EA,27.91,Valve | Motorized Ball / Gate / Butterfly Valves | 1213.1064 | EA | 27.91,Future_Procurement_Plan25-26.pdf
103,,9,TOBV with Pneumatic or EH Actuator (ROSOV),130.05,EA,11.27,Valve | TOBV with Pneumatic or EH Actuator (ROSOV) | 130.05 | EA | 11.27,Future_Procurement_Plan25-26.pdf
103,,10,TOBV with Electrical Actuator,271.5444,EA,14.25,Valve | TOBV with Electrical Actuator | 271.5444 | EA | 14.25,Future_Procurement_Plan25-26.pdf
103,,11,Mass Flow Meter,5.202,EA,3.78,MFM | Mass Flow Meter | 5.202 | EA | 3.78,Future_Procurement_Plan25-26.pdf
