corpus_id,organization,description,source_url,document_url,description_kind,predicted_category,rule_fired,boundary_flag,human_label,reviewer_note,usable_for_matching
M016182,Oil India Limited,Supply & Installation Commissioning of Heavy Duty Oil Country Gap Bed Pipe Lathe. Qty.: 01 No,https://www.oil-india.com/old-tender?page=878&op=,,historical_tender,individual_material,Rule 5: Recognized Item Type Hint,boundary:supply_and_installation,,,
M009571,Oil India Limited,"Design, Manufacturing, Supply and Installation Commissioning of 1 No PLC based DC PCR for Drilling Rig application",https://www.oil-india.com/old-tender?page=597&op=,,historical_tender,individual_material,Rule 5: Recognized Item Type Hint,boundary:supply_and_installation,,,
M016212,Oil India Limited,Supply and Installation & Commissioning of Project Management Software system for Online management of exploration blocks (OMEB) for 25 users,https://www.oil-india.com/old-tender?page=793&op=,,historical_tender,unclassified_or_other,Rule 9: Residual / Unclassified,boundary:supply_and_installation,,,
M002354,NTPC Limited,Supply and Application of Airseal Ceramic Fibre Sealing in Penthouse & APH Area at NTPC Rihand,https://ntpctender.ntpc.co.in/NITDetails/NITs/29706,,nit_brief_description,broad_tender_title,Rule 8: Broad Tender Title / Brief Description,boundary:supply_and_installation,,,
M004450,Oil India Limited,"Hiring services of supply & erection of flex print banners, signage, redecoration of painted signboards etc. on as and when required basis at PS-7, RS11 and RS12 for a period of 2(two) years extendable by 1(one) year",https://www.oil-india.com/tender-details/124?in_detail=NmtDMnV3PT0=,,archived_tender,service_or_works,Rule 3: Service / Works / Maintenance / Hiring Contract,boundary:supply_and_installation,,,
M007486,Oil India Limited,"Bids for SUPPLY AND INSTALLATION, COMMISSIONING OF 3 MVA, 33 3.3 KV TRANSFORMER – QTY 01 NO through its e-Procurement site under SINGLE STAGE TWO BID SYSTEM",https://www.oil-india.com/old-tender?page=525&op=,,historical_tender,individual_material,Rule 5: Recognized Item Type Hint,boundary:supply_and_installation,,,
M002306,NTPC Limited,SUPPLY AND APPLICATION SERVICE OF INSULATION FOR GT EXHAUST DUCTWHRB/PIPING/AC DUCT AT NTPC ANTA,https://ntpctender.ntpc.co.in/NITDetails/NITs/29961,,nit_brief_description,service_or_works,Rule 3: Service / Works / Maintenance / Hiring Contract,boundary:supply_and_installation,,,
M016220,Oil India Limited,Supply and erection of reinforced barbed tape fencing with RCC posts and one no of gate at twenty no of gas wells in oil field of Tinsukia / Dibrugarh district,https://www.oil-india.com/old-tender?page=1265&op=,,historical_tender,individual_material,Rule 6: Material Lexicon / Technical Specification Pattern,boundary:supply_and_installation,,,
M021037,Oil India Limited,Supply & Installation of ICU VENTILATOR,https://www.oil-india.com/tender-details/65?in_detail=NlVPeHZBPT0=,https://www.oil-india.com/download-tender-document?ten_detail=NlVPeHZDSEw2RXFyM1FZPQ%3D%3D,tender_detail,unclassified_or_other,Rule 9: Residual / Unclassified,boundary:supply_and_installation,,,
M021046,Oil India Limited,Supply and Installation of FRP Fencing and Gate,https://www.oil-india.com/tender-details/124?in_detail=NkVDeQ==,https://www.oil-india.com/download-tender-document?ten_detail=NkVDeW9HaksrUk8zMlFjPQ%3D%3D,tender_detail,unclassified_or_other,Rule 9: Residual / Unclassified,boundary:supply_and_installation,,,
M005567,Oil India Limited,SUPPLY AND INSTALLATION & COMMISSIONING OF ELECTROSTATIC EMULSION TREATER,https://www.oil-india.com/tender-details/124?in_detail=NDBHeg==,,archived_tender,unclassified_or_other,Rule 9: Residual / Unclassified,boundary:supply_and_installation,,,
M002554,NTPC Limited,"SUPPLY AND INSTALLATION OF WIND TURBINE GENERATORS (WTG) FOR ISTS CONNECTED WIND ENERGY PROJECT WITH NOMINAL CAPACITY OF 600 MW (200 WTG) IN ANANTAPUR, ANDHRA PRADESH",https://ntpctender.ntpc.co.in/NITDetails/NITs/30166,,tender_title,individual_material,Rule 5: Recognized Item Type Hint,boundary:supply_and_installation,,,
M002362,NTPC Limited,Supply and Installation of CCTV Camera Security System at NTPC Darlipali,https://ntpctender.ntpc.co.in/NITDetails/NITs/29132,,nit_brief_description,broad_tender_title,Rule 8: Broad Tender Title / Brief Description,boundary:supply_and_installation,,,
M016185,Oil India Limited,"Supply & installation of Crude Oil Composition Analyser for detail analysis of Hydrocarbon Components in Crude Oil, Condensate and Gas",https://www.oil-india.com/old-tender?page=1193&op=,,historical_tender,individual_material,Rule 5: Recognized Item Type Hint,boundary:supply_and_installation,,,
M020760,Oil India Limited,SUPPLY & INSTALLATION OF MONOLITHIC INSULATING JOINT AND HOT TAPPING WORKS FOR PIPELINE REHABILIATION PROJECT-PHASE-II,https://www.oil-india.com/tender-details/63?in_detail=NkVLM3ZBPT0=,https://www.oil-india.com/download-tender-document?ten_detail=NkVLM3ZDSEw2RXFyM1FBPQ%3D%3D,tender_detail,individual_material,Rule 5: Recognized Item Type Hint,boundary:supply_and_installation,,,
M002366,NTPC Limited,Supply and Installation of GRP Panels at NTPC Kawas,https://ntpctender.ntpc.co.in/NITDetails/NITs/29356,,nit_brief_description,broad_tender_title,Rule 8: Broad Tender Title / Brief Description,boundary:supply_and_installation,,,
M005845,Oil India Limited,Supply and Installation & Commissioning of Tabletop Powder X-ray Diffractometer,https://www.oil-india.com/tender-details/64?in_detail=NlUreHZRPT0=,,archived_tender,unclassified_or_other,Rule 9: Residual / Unclassified,boundary:supply_and_installation,,,
M001505,NTPC Limited,"Contract for Supply and Application of Paint on Ash Handling Area Tanks, Pipelines and Support Structures at NTPC Nabinagar",https://ntpctender.ntpc.co.in/NITDetails/NITs/29269,,nit_brief_description,individual_material,Rule 5: Recognized Item Type Hint,boundary:supply_and_installation,,,
M015647,Oil India Limited,SUPPLY AND INSTALLATION & COMMISSIONING OF 11 KV 7 PANEL VCB (QTY = 01 NO.),https://www.oil-india.com/old-tender?page=481&op=,,historical_tender,individual_material,Rule 5: Recognized Item Type Hint,boundary:supply_and_installation,,,
M015636,Oil India Limited,SUPPLY & INSTALLATION OF TWO DIMENSIONAL GAS CHROMATOGRAPH MASS SECTROMETER WITH TIME OF FLIGHT MASS SPCTROMETER,https://www.oil-india.com/old-tender?page=1149&op=,,historical_tender,individual_material,Rule 6: Material Lexicon / Technical Specification Pattern,boundary:supply_and_installation,,,
M015648,Oil India Limited,SUPPLY AND INSTALLATION & COMMISSIONING OF AUTOMATIC FLASH POINT TESTER & ACCESSORIES (QTY = 01 NO.),https://www.oil-india.com/old-tender?page=467&op=,,historical_tender,unclassified_or_other,Rule 9: Residual / Unclassified,boundary:supply_and_installation,,,
M002361,NTPC Limited,Supply and Installation of 780KWp Solar PV Modules at NTPC Kaniha Solar Plant,https://ntpctender.ntpc.co.in/NITDetails/NITs/30135,,nit_brief_description,broad_tender_title,Rule 8: Broad Tender Title / Brief Description,boundary:supply_and_installation,,,
M002311,NTPC Limited,"SUPPLY AND INSTALLATION OF WIND TURBINE GENERATORS (WTG) FOR ISTS CONNECTED WIND ENERGY PROJECT WITH NOMINAL CAPACITY OF 813 MW (271 WTG) IN DAVANGERE, KARNATAKA",https://ntpctender.ntpc.co.in/NITDetails/NITs/29985,,nit_brief_description,individual_material,Rule 5: Recognized Item Type Hint,boundary:supply_and_installation,,,
M002353,NTPC Limited,"Supply and Application of Air Seal in Boiler Pressure Parts, APH and Duct area of 5x210MW and 1x500MW Boilers of FGUTPP, Unchahar",https://ntpctender.ntpc.co.in/NITDetails/NITs/29903,,nit_brief_description,individual_material,Rule 5: Recognized Item Type Hint,boundary:supply_and_installation,,,
M002286,NTPC Limited,Rourkela PP-II Exp – Supply & Execution of TYPE-A fire Sealing Work on Risk and Cost of M/s BHEL,https://ntpctender.ntpc.co.in/NITDetails/NITs/29145,,nit_brief_description,broad_tender_title,Rule 8: Broad Tender Title / Brief Description,boundary:supply_and_installation,,,
M003897,Oil India Limited,"Hiring Service for Operation and Maintenance of 03(three) Nos of 1.5 MW gas engine driven generating sets with Synchronization facility at the Powerhouse Facility set up at the premises of Pump Station-11, Tengakhat",https://www.oil-india.com/tender-details/124?in_detail=NmtheHRRPT0=,,archived_tender,service_or_works,Rule 3: Service / Works / Maintenance / Hiring Contract,boundary:amc_or_maintenance_of_equipment,,,
M006301,Oil India Limited,"i) Location-1:- Hiring the services of 2 (two) no.s of WCL (Listed) category of contract labour, for deployment under Pipeline Maintenance Base, Pump Station No. 08 for a period of 4 (four) years w.e.f. 01.03.2026. ii) Location-2:- To provide services of Unskilled WCL (P) at PS.9, Dumar for 04(four)Years W.E.F. 01.03.2026",https://www.oil-india.com/tender-details/124?in_detail=NkVlMXRRPT0=,,archived_tender,service_or_works,Rule 3: Service / Works / Maintenance / Hiring Contract,boundary:amc_or_maintenance_of_equipment,,,
M017819,Oil India Limited,"AMC for existing Industrial IR (Iron Removal) system and RO water filters and replacement of inside strainer,filter media and diaphragm of the valves, activated carbon filter,chemical dosing pump including painting at PS9 Dumar for a period of Two (02) years",https://www.oil-india.com/tender-details/124?in_detail=NlUrMnZRPT0=,https://www.oil-india.com/download-tender-document?ten_detail=NlUrMnZTSEw2RXFyMmdHdQ%3D%3D,tender_detail,service_or_works,Rule 3: Service / Works / Maintenance / Hiring Contract,boundary:amc_or_maintenance_of_equipment,,,
M004525,Oil India Limited,"Hiring the services of API quality Welding, Fabrication & fitting of hydrocarbon pipeline related to various Pipeline Maintenance Jobs viz. repair of pilferage point, fabrication/fitting/modification of pipeline, assistance for hydro-testing of valves & other pipe fittings including welding jobs on over ground sections of pipelines suspended on bridges/independent suspension across rivers for a period of 01 (One) Year with a provision for another One (01) year extension",https://www.oil-india.com/tender-details/124?in_detail=NlVLMHVRPT0=,,archived_tender,service_or_works,Rule 3: Service / Works / Maintenance / Hiring Contract,boundary:amc_or_maintenance_of_equipment,,,
M011504,Oil India Limited,Hiring of Operation and Maintenance OM Services for Balance of Plants BOPs of 20 MW Gas Turbine Plant at Duliajan Power Station OILDuliajan for a period of two 02 years and extendable by one 01 year,https://www.oil-india.com/old-tender?page=374&op=,,historical_tender,service_or_works,Rule 3: Service / Works / Maintenance / Hiring Contract,boundary:amc_or_maintenance_of_equipment,,,
M003746,Oil India Limited,HIRING SERVICES FOR OPERATIONAL MAINTENANCE OF EXECUTIVE GUEST HOUSE (INCLUDING GUEST ROOM AT F1 B'LOW) AND OPERATION SERVICES FOR BARAUNI PUMP STATION FOR A PERIOD OF FOUR YEARS,https://www.oil-india.com/tender-details/124?in_detail=NlVPM3ZnPT0=,,archived_tender,service_or_works,Rule 3: Service / Works / Maintenance / Hiring Contract,boundary:amc_or_maintenance_of_equipment,,,
M017023,Oil India Limited,"To provide miscellaneous services such as Support services for RoW Maintenance, Jungle cutting, Installation of OIL Marker post, barricade post, assistance to pipe locating and RoW demarcation etc at pipeline route Inside IOCL-BGR complex as and when required basis under PLM Section, PHQ, Guwahati, Assam",https://www.oil-india.com/old-tender?page=1205&op=,,historical_tender,service_or_works,Rule 3: Service / Works / Maintenance / Hiring Contract,boundary:amc_or_maintenance_of_equipment,,,
M021315,Oil India Limited,"TO PROVIDE MISCELLANEOUS SERVICES SUCH AS SUPPORT SERVICES FOR REPAIR OF PILFERAGE POINT, ROW MAINTENANCE, JUNGLE CUTTING, INSTALLATION OF OIL MARKER POST, BARRICADE POST, ASSISTANCE TO PIPE LOCATING AND ROW DEMARCATION ETC FROM PLKM 351.00 TO PLKM 401.00 FOR WORKS AT DIFFERENT LOCATIONS FOR A PERIOD OF 3YEARS, AS AND WHEN REQUIRED BASIS.THE SERVICES MAY BE CALLED AT ANY LOCATION BETWEEN PL KM 351 TO PL KM 704 BASED ON REQUIREMENTS DURING EMERGENCY",https://www.oil-india.com/tender-details/124?in_detail=NlVXMHV3PT0=,https://www.oil-india.com/download-tender-document?ten_detail=NlVXMHV5SEw2RXFyMmdHdQ%3D%3D,tender_detail,service_or_works,Rule 3: Service / Works / Maintenance / Hiring Contract,boundary:amc_or_maintenance_of_equipment,,,
M015566,Oil India Limited,"SPARES FOR PUMP, PLUNGER, TRIPLEX, HORIZONTAL, Adjustable Packing Assembly Plunger , Rod Wiper for Plunger, SPARES FOR GARDNER-DENVER PLUNGER PUMP, Valve Assembly, SPARES FOR WELL SERVICING and ACIDIZING PUMP and Packing Assembly",https://www.oil-india.com/old-tender?page=609&op=,,historical_tender,individual_material,Rule 5: Recognized Item Type Hint,boundary:amc_or_maintenance_of_equipment,,,
M018264,Oil India Limited,"Construction of Maintenance shed and Pump/Engine shed at WIS 240, Mohmari area including supply of all materials except cement",https://www.oil-india.com/tender-details/65?in_detail=N0VRPQ==,https://www.oil-india.com/download-tender-document?ten_detail=N0VTcjZXbmJvQWl6,tender_detail,service_or_works,Rule 3: Service / Works / Maintenance / Hiring Contract,boundary:amc_or_maintenance_of_equipment,,,
M004193,Oil India Limited,Hiring of service contract for Comprehensive Maintenance Support Services for Biometrics Time Capturing Devices System for Pump Stations and Terminal Stations for a period of 4 (four) years,https://www.oil-india.com/tender-details/124?in_detail=NmsreHZ3PT0=,,archived_tender,service_or_works,Rule 3: Service / Works / Maintenance / Hiring Contract,boundary:amc_or_maintenance_of_equipment,,,
M019687,Oil India Limited,"Hiring the services of API quality Welding, Fabrication & fitting of hydrocarbon pipeline related to various Pipeline Maintenance Jobs viz. repair of pilferage point, fabrication/fitting/modification of pipeline, assistance for hydro-testing of valves & other pipe fittings including welding jobs on over ground sections of pipelines suspended on bridges/independent suspension across rivers for a period of 01 (One) Year with a provision for another One (01) year extension",https://www.oil-india.com/tender-details/124?in_detail=NlVLMHVRPT0=,https://www.oil-india.com/download-tender-document?ten_detail=NlVLMHVTSEw2RXFyMmdHdQ%3D%3D,tender_detail,service_or_works,Rule 3: Service / Works / Maintenance / Hiring Contract,boundary:amc_or_maintenance_of_equipment,,,
M005778,Oil India Limited,Spares for Greaves engine wall servicing pump set,https://www.oil-india.com/tender-details/65?in_detail=NlVPMg==,,archived_tender,individual_material,Rule 5: Recognized Item Type Hint,boundary:amc_or_maintenance_of_equipment,,,
M016980,Oil India Limited,"To hire the day to day support services for servicing valves / discs, material handling , cleaning workshop and other jobs from time to time under Mechanical Maintenance Section, Pump Station No. 8, Sonapur, West Bengal on Limited Tender basis",https://www.oil-india.com/old-tender?page=1208&op=,,historical_tender,service_or_works,Rule 3: Service / Works / Maintenance / Hiring Contract,boundary:amc_or_maintenance_of_equipment,,,
M003744,Oil India Limited,"HIRING SERVICES FOR HEALTH CHECK-UP, TANK CLEANING, TANK INSPECTION, AND REQUIRED MAINTENANCE JOB OF 1200 KL FLOATING ROOF TANK AT PUMP STATION 10, OF OIL INDIA LIMITED BARAUNI, BIHAR",https://www.oil-india.com/tender-details/124?in_detail=NzBld3ZBPT0=,,archived_tender,service_or_works,Rule 3: Service / Works / Maintenance / Hiring Contract,boundary:amc_or_maintenance_of_equipment,,,
M015832,Oil India Limited,"SUPPLY, INSTALLATION & COMMISSIONING AND ANNUAL MAINTENANCE SERVICE FOR INFRAREDON-LINE GAS MONITORING SYSTEM FOR GAS COMPRESSOR STATIONS AND FIELD GATHERING STATION. QTY: 1 PACKAGE FOR 14 INSTALLATIONS",https://www.oil-india.com/old-tender?page=1230&op=,,historical_tender,service_or_works,Rule 3: Service / Works / Maintenance / Hiring Contract,boundary:amc_or_maintenance_of_equipment,,,
M015968,Oil India Limited,"Services for Planned and Unplanned/Breakdown Maintenance of Fire Detection system & alarm system at Pump station 04, 05, 06, 08, 10 & 11 and Total flooding centralized clean agent system (Fire Supression)installed at Pump station 04, 05, 08, 10 & 11 of Oil India Pipeline in the state of Assam, West Bengal & Bihar",https://www.oil-india.com/old-tender?page=321&op=,,historical_tender,service_or_works,Rule 3: Service / Works / Maintenance / Hiring Contract,boundary:amc_or_maintenance_of_equipment,,,
M012448,Oil India Limited,"Hiring the services for Annual Maintenance Contract (AMC) for Fire Detection, Alarm system & Suppression system(Minimax system) at all pump stations, repeater stations & terminals of Pipeline Department for a period of one(1) year and extendable by six month for Assam Sector",https://www.oil-india.com/old-tender?page=332&op=,,historical_tender,service_or_works,Rule 3: Service / Works / Maintenance / Hiring Contract,boundary:amc_or_maintenance_of_equipment,,,
M002729,Oil India Limited,"AMC for existing Industrial IR (Iron Removal) system and RO water filters and replacement of inside strainer,filter media and diaphragm of the valves, activated carbon filter,chemical dosing pump including painting at PS9 Dumar for a period of Two (02) years",https://www.oil-india.com/tender-details/124?in_detail=NlUrMnZRPT0=,,archived_tender,service_or_works,Rule 3: Service / Works / Maintenance / Hiring Contract,boundary:amc_or_maintenance_of_equipment,,,
M015969,Oil India Limited,"Services for Planned and Unplanned/Breakdown Maintenance of Fire Detection system, Fire alarm system and Total flooding centralized clean agent system (Fire Supression)system installed at various Pump Stations of Oil India Ltd in the state of Assam, West Bengal & Bihar",https://www.oil-india.com/old-tender?page=485&op=,,historical_tender,service_or_works,Rule 3: Service / Works / Maintenance / Hiring Contract,boundary:amc_or_maintenance_of_equipment,,,
M003798,Oil India Limited,"HIRING THE SERVICES OF A BRAND NEW TATAYODHA SC 4 BY 4 LXWC BSVI CREW CABIN BASE MODEL WITH AC PICKUP FOR PIPELINE MAINTENANCE BASE PUMP STATION NO 08 SONAPUR, FOR APERIOD OF 4 FOUR YEARS",https://www.oil-india.com/tender-details/124?in_detail=NlVDMXVBPT0=,,archived_tender,service_or_works,Rule 3: Service / Works / Maintenance / Hiring Contract,boundary:amc_or_maintenance_of_equipment,,,
M011327,Oil India Limited,"Hiring of AMC services and BreakDown Maintenance services of 4 Units of Mainline Pump Packages at PS3 Jorhat (003-PA-CF-103 A/B/C) and PS-5 Noonmati (005-PA-CF-108) for a period of 3(Three)yrs under PIPELINE Mechanical Maintenance section, Oil India Limited",https://www.oil-india.com/old-tender?page=263&op=,,historical_tender,service_or_works,Rule 3: Service / Works / Maintenance / Hiring Contract,boundary:amc_or_maintenance_of_equipment,,,
M011103,Oil India Limited,"Hire the services of operational Maintenance of Executive Guest Room (including Guest House at F1 B’Low) courier services, repairing services for Barauni Pump Station",https://www.oil-india.com/old-tender?page=1153&op=,,historical_tender,service_or_works,Rule 3: Service / Works / Maintenance / Hiring Contract,boundary:amc_or_maintenance_of_equipment,,,
M020018,Oil India Limited,Maintenance of OFC cable and other Telecom activities for a period of two years extendable by another one year upon review under PS5 Sector(ROW Chainage PLKM 352-497 & Spur Line PHQ - GHY Refinery Termianl),https://www.oil-india.com/tender-details/63?in_detail=NmtPM3ZRPT0=,https://www.oil-india.com/download-tender-document?ten_detail=NmtPM3ZTSEw2RXFyM1FBPQ%3D%3D,tender_detail,individual_material,Rule 5: Recognized Item Type Hint,boundary:amc_or_maintenance_of_equipment,,,
M020157,Oil India Limited,"Operation and Maintenance (O&M) Services for Balance of Plants (BOPs) of 20 MW Gas Turbine Plant at Duliajan Power Station, OIL-Duliajan",https://www.oil-india.com/tender-details/124?in_detail=NmtXMXVRPT0=,https://www.oil-india.com/download-tender-document?ten_detail=NmtXMXVTSEw2RXFyMmdHdQ%3D%3D,tender_detail,service_or_works,Rule 3: Service / Works / Maintenance / Hiring Contract,boundary:amc_or_maintenance_of_equipment,,,
M018088,Oil India Limited,"Cement API Class G, 50 KG Bag",https://www.oil-india.com/tender-details/124?in_detail=NzBlMnRBPT0=,https://www.oil-india.com/download-tender-document?ten_detail=NzBlMnRDSEw2RXFyMmdHdQ%3D%3D,tender_detail,individual_material,Rule 6: Material Lexicon / Technical Specification Pattern,boundary:engineering_standard,,,
M002382,NTPC Limited,Supply of 200 NB MS ERW Pipes as per IS 3589,https://ntpctender.ntpc.co.in/NITDetails/NITs/29403,,nit_brief_description,individual_material,Rule 5: Recognized Item Type Hint,boundary:engineering_standard,,,
M015364,Oil India Limited,"Rotary Swivel (179.3875mm) API, Qty:2 Nos",https://www.oil-india.com/old-tender?page=927&op=,,historical_tender,individual_material,Rule 6: Material Lexicon / Technical Specification Pattern,boundary:engineering_standard,,,
M006789,Oil India Limited,API 6A Gate Valve. Qty. : 65 Nos,https://www.oil-india.com/old-tender?page=970&op=,,historical_tender,individual_material,Rule 5: Recognized Item Type Hint,boundary:engineering_standard,,,
M007870,Oil India Limited,Brand new Diesel Engine Driven MAHINDRA BOLERO BS-VI 2WD or equivalent,https://www.oil-india.com/old-tender?page=390&op=,,historical_tender,individual_material,Rule 6: Material Lexicon / Technical Specification Pattern,boundary:engineering_standard,,,
M015921,Oil India Limited,"Scrapper Launcher of Size 8""x12"" NB ANSI Class600#, System along with accessories",https://www.oil-india.com/old-tender?page=697&op=,,historical_tender,individual_material,Rule 6: Material Lexicon / Technical Specification Pattern,boundary:engineering_standard,,,
M002694,Oil India Limited,"73.02 MM (2.7/8"" ) API GRADE G-105 LEFT HAND CONNECTION DRILL PIPE , 73.02 MM (2.7/8"" ) API GRADE G-105 DRILL PIPE",https://www.oil-india.com/tender-details/124?in_detail=NmtheHZRPT0=,,archived_tender,individual_material,Rule 5: Recognized Item Type Hint,boundary:engineering_standard,,,
M015404,Oil India Limited,"SEAMLESS STEEL LINE PIPE: Steel Line Pipe, Seamless extra strong, nom. Size : 8 mm (1/4""), O.D.13.7 mm (0.540""), wall thickness 3.02 mm ( 0.119""),Plain end weight 0.80 kg./m (0.54 lb/ft.)screwed and coupled API std. 5L Grade A, length of each joint in 6/7 mtr.Mill test pressure (Hydraulic ) under serewed and coupled condition :59kg./cm.sq.(850 psi)",https://www.oil-india.com/old-tender?page=1220&op=,,historical_tender,individual_material,Rule 5: Recognized Item Type Hint,boundary:engineering_standard,,,
M015981,Oil India Limited,"Services of API quality Welding, Fabrication & Fitting of pipeline related to various Pipeline Maintenance jobs",https://www.oil-india.com/old-tender?page=975&op=,,historical_tender,service_or_works,Rule 3: Service / Works / Maintenance / Hiring Contract,boundary:engineering_standard,,,
M016877,Oil India Limited,"TYRES, TUBES AND FLAPS Tyre with Tube and Flap, 14.00x20, 22 ply rate suitable for both on/off road use, with suitable rib or lug tread pattern grip. The tyre and tube should comply with the ""Bureau of Indian standards IS 15636: 2005 and IS 13098: 2012 respectively. Also the requirement of notification titled ""Pneumatic Tyres and tubes for Automotive Vehicles (Quality control) order 2009"" should be met with. Make: Michelin, MRF, Dunlop, JK Tyre, Pirelli, Toyo, Sumitomo, Yokohama",https://www.oil-india.com/old-tender?page=1218&op=,,historical_tender,individual_material,Rule 6: Material Lexicon / Technical Specification Pattern,boundary:engineering_standard,,,
M010248,Oil India Limited,"Flange, Adapter, Hanger, Double studded type, RTJ RX type conforming to API Specifications 6A latest",https://www.oil-india.com/old-tender?page=397&op=,,historical_tender,individual_material,Rule 5: Recognized Item Type Hint,boundary:engineering_standard,,,
M010865,Oil India Limited,"HIRING THE SERVICES OF A NEW MINI BUS TATA STARBUS EX MODEL: TATA LP410/36 24+D BS VI DIESEL 24 SEATER OR EQUIVALENT, FOR PLYING AT OIL’S BARAUNI PUMP STATION, IN THE DISTRICT OF BEGUSARAI(BIHAR) FOR A PERIOD OF 4 YEARS",https://www.oil-india.com/old-tender?page=248&op=,,historical_tender,service_or_works,Rule 3: Service / Works / Maintenance / Hiring Contract,boundary:engineering_standard,,,
M013251,Oil India Limited,"Laying construction of 100mm NB API 5LX 60 welded flow lines on requirement basis for drilling wells, work over wells, water injection lines formation water disposal lines, gas artery lines covering areas under Eastern Asset of OILs operational area in the state of Assam AND Arunachal Pradesh",https://www.oil-india.com/old-tender?page=586&op=,,historical_tender,service_or_works,Rule 3: Service / Works / Maintenance / Hiring Contract,boundary:engineering_standard,,,
M019003,Oil India Limited,High Strength Deformed Steel Bars and Wires for concrete reinforcement as per IS 1786,https://www.oil-india.com/tender-details/124?in_detail=NlVDeA==,https://www.oil-india.com/download-tender-document?ten_detail=NlVDeG9HaksrUk8zMlFjPQ%3D%3D,tender_detail,individual_material,Rule 5: Recognized Item Type Hint,boundary:engineering_standard,,,
M003447,Oil India Limited,Earthing Plate as per IS 3043 (Q3),https://www.oil-india.com/tender-details/124?in_detail=NlVhMHZRPT0=,,archived_tender,individual_material,Rule 5: Recognized Item Type Hint,boundary:engineering_standard,,,
M003756,Oil India Limited,"HIRING SERVICES OF 1(ONE) NO. BRAND NEW MAHINDRA BOLERO, B6, BS-VI, 2.0 (DIESEL DRIVEN, 2WD, OR SUBSTANTIALLY EQUIVALENT HAVING COMMERCIAL REGISTRATION, INCLUDING ALL MANDATORY COMPANY PROVIDED FITTINGS AND ACCESSORIES) FOR PLYING UNDER NUMALIGARH TERMINAL FOR SHIFT DUTY AND OTHER OPERATIONAL PURPOSES FOR A PERIOD OF 4(FOUR) YEARS WITH 02 (TWO) NOS OF DRIVERs",https://www.oil-india.com/tender-details/124?in_detail=NkU2L3VnPT0=,,archived_tender,service_or_works,Rule 3: Service / Works / Maintenance / Hiring Contract,boundary:engineering_standard,,,
M003681,Oil India Limited,HIRING OF 1 (One) NOS BRAND NEW MINIBUS MODEL STAR BUS 32 plus1 STR LP712/42 BS VI OR EQUIVALENT FOR PLYING AT ADMIN SECTION PHQ NARENGI FOR A PERIOD OF 4 (FOUR) YEARS,https://www.oil-india.com/tender-details/63?in_detail=Nms2enZBPT0=,,archived_tender,service_or_works,Rule 3: Service / Works / Maintenance / Hiring Contract,boundary:engineering_standard,,,
M006782,Oil India Limited,API 600 Gate Valve. (07 Items-Total Qty. 415 Nos.),https://www.oil-india.com/old-tender?page=983&op=,,historical_tender,individual_material,Rule 5: Recognized Item Type Hint,boundary:engineering_standard,,,
M011126,Oil India Limited,"Hiring 1 (One) No. Mahindra Bolero D14WD, BS-III, Diesel Driven Vehicle",https://www.oil-india.com/old-tender?page=1073&op=,,historical_tender,service_or_works,Rule 3: Service / Works / Maintenance / Hiring Contract,boundary:engineering_standard,,,
M017868,Oil India Limited,Alumino - Ferric (V2) Conforming to IS 299,https://www.oil-india.com/tender-details/265?in_detail=NkU2M3VBPT0=,https://www.oil-india.com/download-tender-document?ten_detail=NkU2M3VDSEw2RXFyMlFXdg%3D%3D,tender_detail,individual_material,Rule 6: Material Lexicon / Technical Specification Pattern,boundary:engineering_standard,,,
M006801,Oil India Limited,API 6D Gate Valve. Qty: 170 Nos,https://www.oil-india.com/old-tender?page=1015&op=,,historical_tender,individual_material,Rule 5: Recognized Item Type Hint,boundary:engineering_standard,,,
M012813,Oil India Limited,"Hiring the services of one Brand new Star Bus, Marcopolo, 42 Seater, BS-III Diesel driven vehicle for plying at PHQ under Administration Section, Narangi, Guwahati, Assam",https://www.oil-india.com/old-tender?page=1216&op=,,historical_tender,service_or_works,Rule 3: Service / Works / Maintenance / Hiring Contract,boundary:engineering_standard,,,
M010789,Oil India Limited,"HIRING SERVICES OF 1 ONE NO BRAND NEW 32 plus 1 SEATER MINI BUS DIESEL DRIVEN, BS IV, BRAND TATA MODEL STARBUS STD LPO 7.5 by 42 FOR PLYING AT PS 6, BONGAIGAON FOR A PERIOD OF 4 FOUR YEARS",https://www.oil-india.com/old-tender?page=582&op=,,historical_tender,service_or_works,Rule 3: Service / Works / Maintenance / Hiring Contract,boundary:engineering_standard,,,
M003383,Oil India Limited,Dissolve Acetylene Gas as per IS 308,https://www.oil-india.com/tender-details/124?in_detail=NlVhenRRPT0=,,archived_tender,individual_material,Rule 6: Material Lexicon / Technical Specification Pattern,boundary:engineering_standard,,,
M002749,Oil India Limited,API Dead Weight Filter Press,https://www.oil-india.com/tender-details/124?in_detail=NkVTK3RRPT0=,,archived_tender,individual_material,Rule 5: Recognized Item Type Hint,boundary:engineering_standard,,,
M017092,Oil India Limited,Triple offset Butterfly Valves API 609,https://www.oil-india.com/old-tender?page=834&op=,,historical_tender,individual_material,Rule 5: Recognized Item Type Hint,boundary:engineering_standard,,,
M003770,Oil India Limited,"HIRING SERVICES OF ONE NO. NEW VEHICLE (DIESEL DRIVEN, BS-VI OR LATEST COMPLIANCE, BRAND MAHINDRA BOLERO MODEL B-6 OR ABOVE 2 WHEELED DRIVE) UNDER PS6, BONGAIGAON AND BRPL TERMINAL FOR A PERIOD OF FOUR (4) YEARS",https://www.oil-india.com/tender-details/63?in_detail=N2sreg==,,archived_tender,service_or_works,Rule 3: Service / Works / Maintenance / Hiring Contract,boundary:engineering_standard,,,
M012358,Oil India Limited,"Hiring the Services OF MAHINDRA SCORPIO SII BS 6 (Diesel Driven, BSVI or Latest Compliance) having all Assam & Bengal permit for a period of 4 Years under PLP section, PHQ, Guwahati and of latest make with all standard fittings including first aid box, fire extinguisher etc. with commercial registration and all other necessary permit for use on Company’s duty in Assam & West Bengal",https://www.oil-india.com/old-tender?page=459&op=,,historical_tender,service_or_works,Rule 3: Service / Works / Maintenance / Hiring Contract,boundary:engineering_standard,,,
M018800,Oil India Limited,"HIRING OF 1 (ONE) NO. BRAND NEW SWIFT DZIRE LXI PETROL VEHICLE AC POWER STEERING BS COMPLIANT (LATEST STAGE) AS PREVALENT AND AVAILABLE IN THE MARKET AT THE TIME OF DELIVERY FOR PLYING WITH HoD-COEES DEPARTMENT, GUWAHATI FOR A PERIOD OF 4 (FOUR) YEARS",https://www.oil-india.com/tender-details/63?in_detail=NGtLKw==,https://www.oil-india.com/download-tender-document?ten_detail=NGtLK29HaksrUk93MkE9PQ%3D%3D,tender_detail,service_or_works,Rule 3: Service / Works / Maintenance / Hiring Contract,boundary:engineering_standard,,,
M020226,Oil India Limited,"PVC Flat Cable, Aluminium Conductor with PVC Insulation and Sheath as per IS 694 (Q3)",https://www.oil-india.com/tender-details/124?in_detail=NlVlL3RBPT0=,https://www.oil-india.com/download-tender-document?ten_detail=NlVlL3RDSEw2RXFyMmdHdQ%3D%3D,tender_detail,individual_material,Rule 5: Recognized Item Type Hint,boundary:engineering_standard,,,
M002278,NTPC Limited,"Replacement/Laying/Dismantling of Fire Hydrant, Fire Spray, Service Water, Hvac, Sludge Lines and Other Misc. Pipelines at Stage 1 and 2 Offsite Area at NTPC Barh",https://ntpctender.ntpc.co.in/NITDetails/NITs/29523,,nit_brief_description,service_or_works,Rule 3: Service / Works / Maintenance / Hiring Contract,boundary:service_utility_system,,,
M002296,NTPC Limited,SITC of AV System at HOP Conf Room and New Service Building Conf Room at NTPC Korba,https://ntpctender.ntpc.co.in/NITDetails/NITs/29044,,nit_brief_description,service_or_works,Rule 3: Service / Works / Maintenance / Hiring Contract,boundary:service_utility_system,,,
M008723,Oil India Limited,"Construction of New Fire Service Building including Electrical, Tele- communication & IT works along with Construction of Boundary Wall, Fire Water Pit, Development of frontal area at Moran, Charaideo district. All materials to be supplied by contractor except cement",https://www.oil-india.com/old-tender?page=159&op=,,historical_tender,service_or_works,Rule 3: Service / Works / Maintenance / Hiring Contract,boundary:service_utility_system,,,
M008591,Oil India Limited,Construction of Boundary Wall with MS grill around Fire service station,https://www.oil-india.com/old-tender?page=916&op=,,historical_tender,service_or_works,Rule 3: Service / Works / Maintenance / Hiring Contract,boundary:service_utility_system,,,
M008718,Oil India Limited,Construction of New Central Fire Service Station Building at Duliajan with internal electrification including supply of all material except cement,https://www.oil-india.com/old-tender?page=595&op=,,historical_tender,service_or_works,Rule 3: Service / Works / Maintenance / Hiring Contract,boundary:service_utility_system,,,
M008647,Oil India Limited,"Construction of Conference Room (16-Seater) & transit room, alongwith renovation (civil & electrical) of Service Building of Hamira Godown in a limited period of Six (06) Months",https://www.oil-india.com/old-tender?page=109&op=,,historical_tender,service_or_works,Rule 3: Service / Works / Maintenance / Hiring Contract,boundary:service_utility_system,,,
M011427,Oil India Limited,"Hiring of Electrical Services for carrying out various Pole Painting Jobs & Service Line Replacement from Overhead Power Supply Poles under E&C Section (Base), PS8, Sonapur",https://www.oil-india.com/old-tender?page=218&op=,,historical_tender,service_or_works,Rule 3: Service / Works / Maintenance / Hiring Contract,boundary:service_utility_system,,,
M000384,Indian Oil Corporation Limited,Reactors,,data/raw/iocl/tenders/Future_Procurement_Plan25-26.pdf,procurement_plan_item,individual_material,Rule 4c: Procurement Plan Physical Material Item,boundary:short_or_numeric,,,
M000017,Indian Oil Corporation Limited,2004/20042,,data/raw/iocl/tenders/Future_Procurement_Plan25-26.pdf,procurement_plan_item,individual_material,Rule 4c: Procurement Plan Physical Material Item,boundary:short_or_numeric,,,
M015607,Oil India Limited,STATIONERY,https://www.oil-india.com/old-tender?page=867&op=,,historical_tender,unclassified_or_other,Rule 9: Residual / Unclassified,boundary:short_or_numeric,,,
M007152,Oil India Limited,BUNK HOUSE,https://www.oil-india.com/old-tender?page=1098&op=,,historical_tender,unclassified_or_other,Rule 9: Residual / Unclassified,boundary:short_or_numeric,,,
M000506,Indian Oil Corporation Limited,pH meter,,data/raw/iocl/tenders/Future_Procurement_Plan25-26.pdf,procurement_plan_item,individual_material,Rule 4c: Procurement Plan Physical Material Item,boundary:short_or_numeric,,,
M000193,Indian Oil Corporation Limited,Fume hood,,data/raw/iocl/tenders/Future_Procurement_Plan25-26.pdf,procurement_plan_item,individual_material,Rule 4c: Procurement Plan Physical Material Item,boundary:short_or_numeric,,,
M020959,Oil India Limited,Sofa Sofa,https://www.oil-india.com/tender-details/124?in_detail=NkVLenRBPT0=,https://www.oil-india.com/download-tender-document?ten_detail=NkVLenRDSEw2RXFyMmdHdQ%3D%3D,tender_detail,unclassified_or_other,Rule 9: Residual / Unclassified,boundary:short_or_numeric,,,
M013392,Oil India Limited,M.S. ANGLE,https://www.oil-india.com/old-tender?page=785&op=,,historical_tender,individual_material,Rule 6: Material Lexicon / Technical Specification Pattern,boundary:short_or_numeric,,,
M020945,Oil India Limited,Smart Podium,https://www.oil-india.com/tender-details/124?in_detail=NlVLM3Z3PT0=,https://www.oil-india.com/download-tender-document?ten_detail=NlVLM3Z5SEw2RXFyMmdHdQ%3D%3D,tender_detail,unclassified_or_other,Rule 9: Residual / Unclassified,boundary:short_or_numeric,,,
M020074,Oil India Limited,Mud motors,https://www.oil-india.com/tender-details/124?in_detail=NmtlMnZ3PT0=,https://www.oil-india.com/download-tender-document?ten_detail=NmtlMnZ5SEw2RXFyMmdHdQ%3D%3D,tender_detail,individual_material,Rule 5: Recognized Item Type Hint,boundary:short_or_numeric,,,
M007839,Oil India Limited,Bitumen Felt,https://www.oil-india.com/old-tender?page=875&op=,,historical_tender,unclassified_or_other,Rule 9: Residual / Unclassified,boundary:short_or_numeric,,,
M000142,Indian Oil Corporation Limited,Deep freezer,,data/raw/iocl/tenders/Future_Procurement_Plan25-26.pdf,procurement_plan_item,individual_material,Rule 4c: Procurement Plan Physical Material Item,boundary:short_or_numeric,,,
M008259,Oil India Limited,Chair Chair,https://www.oil-india.com/old-tender?page=1122&op=,,historical_tender,unclassified_or_other,Rule 9: Residual / Unclassified,boundary:short_or_numeric,,,
M021330,Oil India Limited,TURBO PUMP,https://www.oil-india.com/tender-details/124?in_detail=NlUreHV3PT0=,https://www.oil-india.com/download-tender-document?ten_detail=NlUreHV5SEw2RXFyMmdHdQ%3D%3D,tender_detail,individual_material,Rule 5: Recognized Item Type Hint,boundary:short_or_numeric,,,
M018013,Oil India Limited,COOLER SHAFT,https://www.oil-india.com/tender-details/124?in_detail=NzBXMnRRPT0=,https://www.oil-india.com/download-tender-document?ten_detail=NzBXMnRTSEw2RXFyMmdHdQ%3D%3D,tender_detail,individual_material,Rule 6: Material Lexicon / Technical Specification Pattern,boundary:short_or_numeric,,,
M002929,Oil India Limited,Cable gland,https://www.oil-india.com/tender-details/124?in_detail=NlVTM3RRPT0=,,archived_tender,individual_material,Rule 5: Recognized Item Type Hint,boundary:short_or_numeric,,,
M000011,Indian Oil Corporation Limited,1712/1714,,data/raw/iocl/tenders/Future_Procurement_Plan25-26.pdf,procurement_plan_item,individual_material,Rule 4c: Procurement Plan Physical Material Item,boundary:short_or_numeric,,,
M005027,Oil India Limited,POWER TOOLS,https://www.oil-india.com/tender-details/124?in_detail=NGtXMA==,,archived_tender,unclassified_or_other,Rule 9: Residual / Unclassified,boundary:short_or_numeric,,,
M002685,Oil India Limited,"6"" PDC Bit",https://www.oil-india.com/tender-details/124?in_detail=Nms2eXRRPT0=,,archived_tender,unclassified_or_other,Rule 9: Residual / Unclassified,boundary:short_or_numeric,,,
M017297,Oil India Limited,Vortex pump,https://www.oil-india.com/old-tender?page=413&op=,,historical_tender,individual_material,Rule 5: Recognized Item Type Hint,boundary:short_or_numeric,,,
M016868,Oil India Limited,TURNKEY SERVICES FOR PRODUCTION FROM SHUT-IN OIL WELLS HAVING CRUDE OIL WITH HIGH POUR POINT IN ASSAM FIELD,https://www.oil-india.com/old-tender?page=98&op=,,historical_tender,service_or_works,Rule 3: Service / Works / Maintenance / Hiring Contract,boundary:turnkey_epc_package,,,
M000823,NTPC Limited,Blocks of 40 MW 160 MWh each) Battery Energy Storage System (BESS) on turnkey basis,,,doc_spec_sentence,individual_material,Rule 4a: Extracted Document Specification Sentence/String,boundary:turnkey_epc_package,,,
M004223,Oil India Limited,"Hiring of services for Design, Engineering, Procurement, Supply, Installation, Commissioning, and Operation & Maintenance of a modular Desalination Plant with Zero Liquid Discharge (ZLD) of 3000 KLPD processing capacity at STF Madhuban, to be executed on EPC basis followed by two (02) years of O&M, extendable by 01 (one) year",https://www.oil-india.com/tender-details/63?in_detail=NkVDL3VBPT0=,,archived_tender,service_or_works,Rule 3: Service / Works / Maintenance / Hiring Contract,boundary:turnkey_epc_package,,,
M001640,NTPC Limited,EPC PACKAGE FOR DEVELOPMENT OF 3300 MWH BESS CAPACITY BY NGEL AT NTPC REL KHAVDA SOLAR PLANT,https://ntpctender.ntpc.co.in/NITDetails/NITs/29897,,nit_brief_description,broad_tender_package,Rule 2: Broad Turnkey / EPC / Composite Package,boundary:turnkey_epc_package,,,
M001630,NTPC Limited,EPC PACKAGE FOR DEVELOPMENT OF 100 MWH VANADIUM REDOX FLOW BESS AT KHAVDA SOLAR PARK BY NTPC REL,https://ntpctender.ntpc.co.in/NITDetails/NITs/29220,,nit_brief_description,broad_tender_package,Rule 2: Broad Turnkey / EPC / Composite Package,boundary:turnkey_epc_package,,,
M011594,Oil India Limited,"Hiring of Services for Engineering, Procurement and Construction (EPC) of Oil Collecting Station (OCS) at Barekuri, Assam on Lumpsum Turnkey basis",https://www.oil-india.com/old-tender?page=1225&op=,,historical_tender,service_or_works,Rule 3: Service / Works / Maintenance / Hiring Contract,boundary:turnkey_epc_package,,,
M001489,NTPC Limited,"Construction of Sewerage Treatment Plant (1x 10KLD) as a Turnkey package at NSPCL, Durgapur",https://ntpctender.ntpc.co.in/NITDetails/NITs/29209,,nit_brief_description,broad_tender_package,Rule 2: Broad Turnkey / EPC / Composite Package,boundary:turnkey_epc_package,,,
M001636,NTPC Limited,"EPC PACKAGE FOR DEVELOPMENT OF 250MW SOLAR WITH 50MW/200MWH BESS PROJECT AT SITAPUR, U.P",https://ntpctender.ntpc.co.in/NITDetails/NITs/29320,,nit_brief_description,broad_tender_package,Rule 2: Broad Turnkey / EPC / Composite Package,boundary:turnkey_epc_package,,,
M001053,NTPC Limited,eligible bidders for “ EPC Package for Development of 800MW/3200MWh Battery Energy,,,doc_spec_sentence,broad_tender_package,Rule 2: Broad Turnkey / EPC / Composite Package,boundary:turnkey_epc_package,,,
M009972,Oil India Limited,"Engineering, Procurement & Construction (EPC) for 9 MWp Solar Power Plant",https://www.oil-india.com/old-tender?page=1169&op=,,historical_tender,unclassified_or_other,Rule 9: Residual / Unclassified,boundary:turnkey_epc_package,,,
M001658,NTPC Limited,"EPC Township Package for Singrauli STPP, Stage-III (2x800MW). Bidding Document No. CS-1150-364-9",https://ntpctender.ntpc.co.in/NITDetails/NITs/29488,,nit_brief_description,broad_tender_package,Rule 2: Broad Turnkey / EPC / Composite Package,boundary:turnkey_epc_package,,,
M001765,NTPC Limited,GREAT NICOBAR ISLAND GAS ENGINE POWER PROJECT (108 MW ±5 MW) EPC PACKAGE LOCATED AT GREAT NICOBAR ISLAND,https://ntpctender.ntpc.co.in/NITDetails/NITs/29931,,nit_brief_description,broad_tender_package,Rule 2: Broad Turnkey / EPC / Composite Package,boundary:turnkey_epc_package,,,
M001653,NTPC Limited,EPC Package for Development of 800MW/3200MWh Battery Energy Storage System (BESS) at NTPC REL Khavda Park,https://ntpctender.ntpc.co.in/NITDetails/NITs/29872,,nit_brief_description,broad_tender_package,Rule 2: Broad Turnkey / EPC / Composite Package,boundary:turnkey_epc_package,,,
M019229,Oil India Limited,"Hiring of Services for Engineering,Procurement,Construction & Commissioning (EPC) of a Group Gathering Station (GGS) Consisting of an OCS,ETP plus STP and WIS at Lakwagaon in Sivasagar District,Assam on LSTK Basis followed by Comprehensive Operation & Maintenance (O&M) Services of the GGS for 02 Years with a Provision for Extension of the O&M Service by another 01 Year",https://www.oil-india.com/tender-details/63?in_detail=NmtTd3Z3PT0=,https://www.oil-india.com/download-tender-document?ten_detail=NmtTd3Z5SEw2RXFyM1FBPQ%3D%3D,tender_detail,service_or_works,Rule 3: Service / Works / Maintenance / Hiring Contract,boundary:turnkey_epc_package,,,
M004084,Oil India Limited,"Hiring of Services for EPC (Engineering, Procurement, Construction) & Commissioning of a Centrally located installation (New OCS at Nagajan) of Oil India Limited at Nagajan in the district of Tinsukia, Assam",https://www.oil-india.com/tender-details/63?in_detail=NkVLd3RBPT0=,,archived_tender,service_or_works,Rule 3: Service / Works / Maintenance / Hiring Contract,boundary:turnkey_epc_package,,,
M003623,Oil India Limited,Gas Sweetening Unit (GSU) Of Capacity 0.5 MMMSCMD for Removing the Carbon Dioxide Component from the Natural Gas for Gas Sequestration at Dandewala Gas Processing Complex on LSTK Basis Through EPC Mode of Execution in a Period of 20 Months with an Operation & Maintenance (O&M) of the plant for a Period of Two Years and Provision of Extension by Another One Year,https://www.oil-india.com/tender-details/64?in_detail=NlVHL3VnPT0=,,archived_tender,service_or_works,Rule 3: Service / Works / Maintenance / Hiring Contract,boundary:turnkey_epc_package,,,
M001651,NTPC Limited,EPC Package for BESS Implementation at NTPC Thermal Power Stations (Lot-1),https://ntpctender.ntpc.co.in/NITDetails/NITs/29053,,nit_brief_description,broad_tender_package,Rule 2: Broad Turnkey / EPC / Composite Package,boundary:turnkey_epc_package,,,
M018743,Oil India Limited,Gas Sweetening Unit (GSU) Of Capacity 0.5 MMMSCMD for Removing the Carbon Dioxide Component from the Natural Gas for Gas Sequestration at Dandewala Gas Processing Complex on LSTK Basis Through EPC Mode of Execution in a Period of 20 Months with an Operation & Maintenance (O&M) of the plant for a Period of Two Years and Provision of Extension by Another One Year,https://www.oil-india.com/tender-details/64?in_detail=NlVHL3VnPT0=,https://www.oil-india.com/download-tender-document?ten_detail=NlVHL3VpSEw2RXFyM1FjPQ%3D%3D,tender_detail,service_or_works,Rule 3: Service / Works / Maintenance / Hiring Contract,boundary:turnkey_epc_package,,,
M001660,NTPC Limited,"EPC package for Development of 10 MLD Demineralisation Plant for NGEL Green Hydrogen Hub Pudimadaka, Anakapalli District, Andhra Pradesh",https://ntpctender.ntpc.co.in/NITDetails/NITs/30087,,nit_brief_description,broad_tender_package,Rule 2: Broad Turnkey / EPC / Composite Package,boundary:turnkey_epc_package,,,
M001881,NTPC Limited,Lara Stage-2 EPC Package Hiring of Crane & Manlifter,https://ntpctender.ntpc.co.in/NITDetails/NITs/29103,,nit_brief_description,broad_tender_package,Rule 2: Broad Turnkey / EPC / Composite Package,boundary:turnkey_epc_package,,,
M006960,Oil India Limited,Amendment No.2 to GeM Tender No. : GEM/2021/B/1443796 dtd. 11.09.2021,https://www.oil-india.com/old-tender?page=357&op=,,historical_tender,administrative_notice,Rule 1: Administrative Notice / Corrigendum / EOI,boundary:administrative_notice,,,
M001705,NTPC Limited,"Expression of Interest (EOI) for Issue of Dry Fly Ash on free of cost, first come first served basis with Transportation cost by user, from NTPC Darlipali",https://ntpctender.ntpc.co.in/NITDetails/NITs/30229,,nit_brief_description,administrative_notice,Rule 1: Administrative Notice / Corrigendum / EOI,boundary:administrative_notice,,,
M006887,Oil India Limited,Amendment No. 01 to GeM Tender No. : GEM/2021/B/1662284 dtd. 10/11/2021,https://www.oil-india.com/old-tender?page=328&op=,,historical_tender,administrative_notice,Rule 1: Administrative Notice / Corrigendum / EOI,boundary:administrative_notice,,,
M009325,Oil India Limited,Corrigendum No. 04 to GeM Tender No. GEM/2023/B/3393416 dtd. 27/04/2023,https://www.oil-india.com/old-tender?page=100&op=,,historical_tender,administrative_notice,Rule 1: Administrative Notice / Corrigendum / EOI,boundary:administrative_notice,,,
M016898,Oil India Limited,Tender Cancellation Notice against GeM Bid No. GEM/2021/B/1366037 dated 17.07.2021,https://www.oil-india.com/old-tender?page=319&op=,,historical_tender,administrative_notice,Rule 1: Administrative Notice / Corrigendum / EOI,boundary:administrative_notice,,,
M018600,Oil India Limited,Empanelment/Short-listing of Ten (10) Nos. Vendors/Civil Contractors and awarding of Rate contracts to carry out Miscellaneous Civil jobs in DSF Tulamara Block for two (02) years & extendable by another one (01) year,https://www.oil-india.com/tender-details/63?in_detail=N0VLMA==,https://www.oil-india.com/download-tender-document?ten_detail=N0VLMG9HaksrUk93MkE9PQ%3D%3D,tender_detail,administrative_notice,Rule 1: Administrative Notice / Corrigendum / EOI,boundary:administrative_notice,,,
M009263,Oil India Limited,Corrigendum No. 02 against GeM Tender No. GEM/2024/B/4463097 dated 10/01/2024,https://www.oil-india.com/old-tender?page=2&op=,,historical_tender,administrative_notice,Rule 1: Administrative Notice / Corrigendum / EOI,boundary:administrative_notice,,,
M001593,NTPC Limited,"EOI for Fly Ash Supply to Micro and Small Enterprises (MSEs) /Local user engaged in ash-based products manufacturing, on concessional rates, ‘as is where is’ basis from NTPC MOUDA Super Thermal Power Station",https://ntpctender.ntpc.co.in/NITDetails/NITs/29867,,nit_brief_description,administrative_notice,Rule 1: Administrative Notice / Corrigendum / EOI,boundary:administrative_notice,,,
M001716,NTPC Limited,Expression of Interest for Appointment as Dealer for Fly Ash Bricks from NTPC Kanti,https://ntpctender.ntpc.co.in/NITDetails/NITs/29645,,nit_brief_description,administrative_notice,Rule 1: Administrative Notice / Corrigendum / EOI,boundary:administrative_notice,,,
M009371,Oil India Limited,Corrigendum No.3 to GEM/2023/B/3777212 dated 03.08.2023,https://www.oil-india.com/old-tender?page=73&op=,,historical_tender,administrative_notice,Rule 1: Administrative Notice / Corrigendum / EOI,boundary:administrative_notice,,,
M009351,Oil India Limited,Corrigendum No. 1 against GeM Tender No. GEM/2023/B/4238306 dated 22/11/2023,https://www.oil-india.com/old-tender?page=16&op=,,historical_tender,administrative_notice,Rule 1: Administrative Notice / Corrigendum / EOI,boundary:administrative_notice,,,
M006923,Oil India Limited,Amendment No. 01 to GeM Tender No. GEM/2024/B/4458502 dtd. 27/01/2024,https://www.oil-india.com/old-tender?page=7&op=,,historical_tender,administrative_notice,Rule 1: Administrative Notice / Corrigendum / EOI,boundary:administrative_notice,,,
M006921,Oil India Limited,Amendment No. 01 to GeM Tender No. GEM/2023/B/4362014 dtd. 18/12/2023,https://www.oil-india.com/old-tender?page=15&op=,,historical_tender,administrative_notice,Rule 1: Administrative Notice / Corrigendum / EOI,boundary:administrative_notice,,,
M009223,Oil India Limited,Corrigendum No. 01 to GeM Tender No. GEM/2023/B/3895852 dtd. 01/09/2023,https://www.oil-india.com/old-tender?page=63&op=,,historical_tender,administrative_notice,Rule 1: Administrative Notice / Corrigendum / EOI,boundary:administrative_notice,,,
M013109,Oil India Limited,Invitation of Expression of Interest (EOI) to identify solution providers for Real-Time monitoring and analytics of onshore oil and gas wells using wireless devices,https://www.oil-india.com/old-tender?page=630&op=,,historical_tender,administrative_notice,Rule 1: Administrative Notice / Corrigendum / EOI,boundary:administrative_notice,,,
M001718,NTPC Limited,Expression of Interest for Deployment of On-Premise 5G Non-Public Captive Network (CNPN) and its Application,https://ntpctender.ntpc.co.in/NITDetails/NITs/29337,,nit_brief_description,administrative_notice,Rule 1: Administrative Notice / Corrigendum / EOI,boundary:administrative_notice,,,
M009942,Oil India Limited,Empanelment of accredited EIA (Environmental Impact Assessment) Consultants for a period of three years for both onshore (all Spheres/Projects/Future Projects) as well as offshore oil & gas E&P activities of Oil India Limited,https://www.oil-india.com/old-tender?page=421&op=,,historical_tender,administrative_notice,Rule 1: Administrative Notice / Corrigendum / EOI,boundary:administrative_notice,,,
M016914,Oil India Limited,Tender Cancellation to GeM Tender No. : GEM/2021/B/1812014 dtd.30/12/2021,https://www.oil-india.com/old-tender?page=250&op=,,historical_tender,administrative_notice,Rule 1: Administrative Notice / Corrigendum / EOI,boundary:administrative_notice,,,
M002522,NTPC Limited,Expression of Interest for Dry Fly Ash on first come first serve basis for MSE and local users within 100 Kms from NTPC Farakka,https://ntpctender.ntpc.co.in/NITDetails/NITs/30196,,tender_title,administrative_notice,Rule 1: Administrative Notice / Corrigendum / EOI,boundary:administrative_notice,,,
M013795,Oil India Limited,Notification of Cancellation For GEM/2021/B/1268527 dtd. 09/07/2021,https://www.oil-india.com/old-tender?page=346&op=,,historical_tender,administrative_notice,Rule 1: Administrative Notice / Corrigendum / EOI,boundary:administrative_notice,,,
M001708,NTPC Limited,Expression of Interest (EoI) for Issue of BOTTOM Ash from NTPC NKSTPP,https://ntpctender.ntpc.co.in/NITDetails/NITs/30052,,nit_brief_description,administrative_notice,Rule 1: Administrative Notice / Corrigendum / EOI,boundary:administrative_notice,,,
M009288,Oil India Limited,Corrigendum No. 02 to GeM Tender No. GEM/2023/B/3346258 dtd. 11/04/2023,https://www.oil-india.com/old-tender?page=124&op=,,historical_tender,administrative_notice,Rule 1: Administrative Notice / Corrigendum / EOI,boundary:administrative_notice,,,
M009287,Oil India Limited,Corrigendum No. 02 to GeM Tender No. GEM/2023/B/3297515 dtd. 23/03/2023,https://www.oil-india.com/old-tender?page=141&op=,,historical_tender,administrative_notice,Rule 1: Administrative Notice / Corrigendum / EOI,boundary:administrative_notice,,,
M010481,Oil India Limited,Ground Patrolling of the pipeline ROW by engaging Line Walkers from PL km 920.000 to PL km 1058.000 under Pump station -9 for a period of 04 years,https://www.oil-india.com/old-tender?page=540&op=,,historical_tender,individual_material,Rule 5: Recognized Item Type Hint,stratum:standard_record,,,
M014065,Oil India Limited,PROCUREMENT OF CGI SHEETS,https://www.oil-india.com/old-tender?page=852&op=,,historical_tender,individual_material,Rule 7: Direct Supply / Procurement of Goods,stratum:standard_record,,,
M016839,Oil India Limited,TRI-ETHYLENE GLYCOL (OIL),https://www.oil-india.com/old-tender?page=348&op=,,historical_tender,individual_material,Rule 6: Material Lexicon / Technical Specification Pattern,stratum:standard_record,,,
M002984,Oil India Limited,"Casing, 7"" x P-110 x Premium Threaded",https://www.oil-india.com/tender-details/124?in_detail=NlVLeHRRPT0=,,archived_tender,individual_material,Rule 6: Material Lexicon / Technical Specification Pattern,stratum:standard_record,,,
M009053,Oil India Limited,Construction/Laying of 150mm NB 6inch OD multiply 7KM long 3LPE coated pipeline for handling produced water from STF in OILs Operation Area,https://www.oil-india.com/old-tender?page=627&op=,,historical_tender,individual_material,Rule 5: Recognized Item Type Hint,stratum:standard_record,,,
M007849,Oil India Limited,"Black steel line pipe, ERW, nom. size - 25 mm (1"")Maximum O.D. - 34.2 mm (1.35""), Min. O.D.33.3 mm, wall thickness 3.2 mm (0.128""), Weight including screwed & socketed 2.43 kg/m (1.63 lb/ft), IS:1239(Part-I)1990, screwed and socketed as per IS:554-1985, medium, length of each joint in 6/7 mtrs., mill test pressure (Hydraulic) under screwed & coupled condition - 50 kg/sq.cm (711 PSI)",https://www.oil-india.com/old-tender?page=1208&op=,,historical_tender,individual_material,Rule 5: Recognized Item Type Hint,stratum:standard_record,,,
M016368,Oil India Limited,"Supply of Flange , Adapter , Hanger, RTJ RX type, Tubing Head Spool, Ring Joint Gasket, RX-46 SS316 & Ring Joint Gasket, RX-35 SS316",https://www.oil-india.com/old-tender?page=717&op=,,historical_tender,individual_material,Rule 5: Recognized Item Type Hint,stratum:standard_record,,,
M007061,Oil India Limited,B.P.C.L/OILWELL MODEL A-1400 PT SLUSH PUMPS (MUD) PUMPS),https://www.oil-india.com/old-tender?page=163&op=,,historical_tender,individual_material,Rule 5: Recognized Item Type Hint,stratum:standard_record,,,
M013651,Oil India Limited,Multivariable Flow Transmitter,https://www.oil-india.com/old-tender?page=922&op=,,historical_tender,individual_material,Rule 5: Recognized Item Type Hint,stratum:standard_record,,,
M017117,Oil India Limited,Tubing Cutter with Accessories. Qty: 50 nos,https://www.oil-india.com/old-tender?page=915&op=,,historical_tender,individual_material,Rule 6: Material Lexicon / Technical Specification Pattern,stratum:standard_record,,,
M017699,Oil India Limited,250 kVA Gas Engine Driven Silent (Acoustic) Generating Set,https://www.oil-india.com/tender-details/124?in_detail=N1UrLw==,https://www.oil-india.com/download-tender-document?ten_detail=N1UrL29HaksrUk8zMlFjPQ%3D%3D,tender_detail,individual_material,Rule 6: Material Lexicon / Technical Specification Pattern,stratum:standard_record,,,
M015542,Oil India Limited,"SPARES FOR HIGH PRESSURE MUD VALVE (2"", 3"" & 4"")5000 PSI W.P. & 10,000 PSI TP OF AUDCO INDIA LTD. SPARES FOR 2"",3"" & 4"" VALVE, COMPLETE WITH FLANGED RTJ CONNECTION",https://www.oil-india.com/old-tender?page=432&op=,,historical_tender,individual_material,Rule 5: Recognized Item Type Hint,stratum:standard_record,,,
M019862,Oil India Limited,L-80 Tubing and accessories,https://www.oil-india.com/tender-details/124?in_detail=NkVXeHZnPT0=,https://www.oil-india.com/download-tender-document?ten_detail=NkVXeHZpSEw2RXFyMmdHdQ%3D%3D,tender_detail,individual_material,Rule 6: Material Lexicon / Technical Specification Pattern,stratum:standard_record,,,
M004952,Oil India Limited,OEM / Compatible Cartridge / Consumable,https://www.oil-india.com/tender-details/124?in_detail=NlVhMw==,,archived_tender,individual_material,Rule 6: Material Lexicon / Technical Specification Pattern,stratum:standard_record,,,
M006512,Oil India Limited,2” line pipes,https://www.oil-india.com/old-tender?page=34&op=,,historical_tender,individual_material,Rule 5: Recognized Item Type Hint,stratum:standard_record,,,
M013212,Oil India Limited,LUB OIL LUB OIL,https://www.oil-india.com/old-tender?page=1087&op=,,historical_tender,individual_material,Rule 6: Material Lexicon / Technical Specification Pattern,stratum:standard_record,,,
M016555,Oil India Limited,Supply of Telephone Cables,https://www.oil-india.com/old-tender?page=1128&op=,,historical_tender,individual_material,Rule 5: Recognized Item Type Hint,stratum:standard_record,,,
M007769,Oil India Limited,Bids for the supply of Rotary Drilling Hose through E Procurement,https://www.oil-india.com/old-tender?page=584&op=,,historical_tender,individual_material,Rule 6: Material Lexicon / Technical Specification Pattern,stratum:standard_record,,,
M006355,Oil India Limited,"100 mm, ERW, API 5L, Steel line pipe. Qty: 13 Kms",https://www.oil-india.com/old-tender?page=1135&op=,,historical_tender,individual_material,Rule 5: Recognized Item Type Hint,boundary:engineering_standard,,,
M005480,Oil India Limited,SEPTIC TANK AND SOAK PIT TANK,https://www.oil-india.com/tender-details/124?in_detail=NlVXd3ZRPT0=,,archived_tender,individual_material,Rule 5: Recognized Item Type Hint,stratum:standard_record,,,
M003836,Oil India Limited,HYDRAULIC TORQUE WRENCH WITH ACCESSORIES,https://www.oil-india.com/tender-details/124?in_detail=Nms2d3Z3PT0=,,archived_tender,individual_material,Rule 6: Material Lexicon / Technical Specification Pattern,stratum:standard_record,,,
M003625,Oil India Limited,Gaskets & Valves,https://www.oil-india.com/tender-details/124?in_detail=NkVDeHZ3PT0=,,archived_tender,individual_material,Rule 5: Recognized Item Type Hint,stratum:standard_record,,,
M014808,Oil India Limited,"RCC Mattressing for approx.600 sqm remaining portion of work over plinth at Drilling TS Yard, inside Industrial area, including supply of all materials except cement & second hand MS pipe",https://www.oil-india.com/old-tender?page=1164&op=,,historical_tender,individual_material,Rule 5: Recognized Item Type Hint,stratum:standard_record,,,
M005136,Oil India Limited,"Procurement of 20""Casings for drilling in various Offshore & Onshore blocks of OIL",https://www.oil-india.com/tender-details/124?in_detail=NzBlMHZ3PT0=,,archived_tender,individual_material,Rule 6: Material Lexicon / Technical Specification Pattern,stratum:standard_record,,,
M006815,Oil India Limited,"API Class G Cement, Qty : 240000 Bags, 50 Kg/Bag",https://www.oil-india.com/old-tender?page=885&op=,,historical_tender,individual_material,Rule 6: Material Lexicon / Technical Specification Pattern,boundary:engineering_standard,,,
M007795,Oil India Limited,Bids for the supply of WING UNION through E Procurement,https://www.oil-india.com/old-tender?page=600&op=,,historical_tender,individual_material,Rule 6: Material Lexicon / Technical Specification Pattern,stratum:standard_record,,,
M020820,Oil India Limited,SUPPLY OF HIGH END WORKSTATION,https://www.oil-india.com/tender-details/124?in_detail=Nmsrdw==,https://www.oil-india.com/download-tender-document?ten_detail=Nmsrd29HaksrUk8zMlFjPQ%3D%3D,tender_detail,individual_material,Rule 7: Direct Supply / Procurement of Goods,stratum:standard_record,,,
M013114,Oil India Limited,Item No. 10 API Specification 7 Master Gauge for,https://www.oil-india.com/old-tender?page=1300&op=,,historical_tender,individual_material,Rule 6: Material Lexicon / Technical Specification Pattern,boundary:engineering_standard,,,
M018665,Oil India Limited,FLOW COMPUTER WITH MULTI VARIABLE SENSOR (MVS),https://www.oil-india.com/tender-details/124?in_detail=NDBXMA==,https://www.oil-india.com/download-tender-document?ten_detail=NDBXMG9HaksrUk8zMlFjPQ%3D%3D,tender_detail,individual_material,Rule 6: Material Lexicon / Technical Specification Pattern,stratum:standard_record,,,
M006122,Oil India Limited,"TWIN AVIATION LIGHT FITTING, LED BASED",https://www.oil-india.com/tender-details/124?in_detail=NlVXeHZRPT0=,,archived_tender,individual_material,Rule 5: Recognized Item Type Hint,stratum:standard_record,,,
M021049,Oil India Limited,Supply and Installation of Pre-Coated Sheet of Materials Godown inside Industrial Area at Duliajan: i)At Polymer Godown ii)At Paint Godown,https://www.oil-india.com/tender-details/65?in_detail=NmtLenZnPT0=,https://www.oil-india.com/download-tender-document?ten_detail=NmtLenZpSEw2RXFyM1FZPQ%3D%3D,tender_detail,individual_material,Rule 5: Recognized Item Type Hint,boundary:supply_and_installation,,,
M006269,Oil India Limited,"Well servicing pump package, Qty = 8 Nos",https://www.oil-india.com/tender-details/64?in_detail=NmtLMHVRPT0=,,archived_tender,individual_material,Rule 5: Recognized Item Type Hint,boundary:amc_or_maintenance_of_equipment,,,
M015619,Oil India Limited,"STEEL LINE PIPE, SEAMLESS, SCREWED & COUPLED, NOMINAL SIZE: 50 MM, O.D. 60.3 MM, WALL THICKNESS: 11.07 MM, WEIGHT: 13.45 KG/M, API STD. 5L, GRADE B, PLAIN END. QTY: 6 KMS",https://www.oil-india.com/old-tender?page=1276&op=,,historical_tender,individual_material,Rule 5: Recognized Item Type Hint,boundary:engineering_standard,,,
M005032,Oil India Limited,PROCUREMENT OF CHAIN TONGS AND PIPE WRENCHES,https://www.oil-india.com/tender-details/63?in_detail=NmtXMA==,,archived_tender,individual_material,Rule 5: Recognized Item Type Hint,stratum:standard_record,,,
M015047,Oil India Limited,"Renovation of structural work including replacement of plumbing pipes, replacement of old damaged roof with manglore tiles and internal painting work in B-12, Asiad Village, New Delhi",https://www.oil-india.com/old-tender?page=168&op=,,historical_tender,individual_material,Rule 5: Recognized Item Type Hint,stratum:standard_record,,,
M017439,Oil India Limited,bids for HIGH PRESSURE PNEUMATIC HAND PUMPS from Indian bidders under SINGLE STAGE COMPOSITE BID SYSTEM through its e-procurement site,https://www.oil-india.com/old-tender?page=529&op=,,historical_tender,individual_material,Rule 5: Recognized Item Type Hint,stratum:standard_record,,,
M016020,Oil India Limited,Sheet Jointing,https://www.oil-india.com/old-tender?page=1156&op=,,historical_tender,individual_material,Rule 6: Material Lexicon / Technical Specification Pattern,stratum:standard_record,,,
M010082,Oil India Limited,External Upset End (EUE) Tubing,https://www.oil-india.com/old-tender?page=415&op=,,historical_tender,individual_material,Rule 6: Material Lexicon / Technical Specification Pattern,stratum:standard_record,,,
M013386,Oil India Limited,M S Structural Plate as per IS 2062 (Unit- Mass) (Q3),https://www.oil-india.com/old-tender?page=295&op=,,historical_tender,individual_material,Rule 5: Recognized Item Type Hint,boundary:engineering_standard,,,
M006768,Oil India Limited,"ANGLE, EQUAL, MILD STEEL ( ROLLED ) FOR STRUCTURALAND GENERAL ENGG. PURPOSES",https://www.oil-india.com/old-tender?page=1142&op=,,historical_tender,individual_material,Rule 5: Recognized Item Type Hint,stratum:standard_record,,,
M007599,Oil India Limited,Bids for TMT Steel Bar (100 MT),https://www.oil-india.com/old-tender?page=994&op=,,historical_tender,individual_material,Rule 5: Recognized Item Type Hint,stratum:standard_record,,,
M017558,Oil India Limited,"HOSE, HYDRAULIC, SIZE: 2"" x 3 MTRS",https://www.oil-india.com/tender-details/124?in_detail=NzBheHZRPT0=,,live_tender,individual_material,Rule 6: Material Lexicon / Technical Specification Pattern,stratum:standard_record,,,
M006432,Oil India Limited,"17.1/2"" Rock Bit, Soft Formation (05037810) (Q3)",https://www.oil-india.com/old-tender?page=234&op=,,historical_tender,individual_material,Rule 6: Material Lexicon / Technical Specification Pattern,stratum:standard_record,,,
M016380,Oil India Limited,"Supply of Heavy Duty Colour Printer for OIL’s corporate Office at OIL House, Plot No. 19, Sector-16A, NOIDA",https://www.oil-india.com/old-tender?page=926&op=,,historical_tender,individual_material,Rule 6: Material Lexicon / Technical Specification Pattern,stratum:standard_record,,,
M020037,Oil India Limited,Metal Shelving Racks as per IS 1883,https://www.oil-india.com/tender-details/124?in_detail=NkVhMQ==,https://www.oil-india.com/download-tender-document?ten_detail=NkVhMW9HaksrUk8zMlFjPQ%3D%3D,tender_detail,individual_material,Rule 6: Material Lexicon / Technical Specification Pattern,boundary:engineering_standard,,,
M018097,Oil India Limited,Certification for Integrated Management System under ISO 9001 2015 for QMS ISO 14001 2015 for EMS and ISO 45001 2018 for OHSMS,https://www.oil-india.com/tender-details/124?in_detail=N1VJPQ==,https://www.oil-india.com/download-tender-document?ten_detail=N1VLcjZXbmJvQSswM3c9PQ%3D%3D,tender_detail,individual_material,Rule 6: Material Lexicon / Technical Specification Pattern,boundary:engineering_standard,,,
M003274,Oil India Limited,Conversion of HOT Crane into EOT Crane,https://www.oil-india.com/tender-details/124?in_detail=NmtTMXVBPT0=,,archived_tender,individual_material,Rule 5: Recognized Item Type Hint,stratum:standard_record,,,
M002611,Oil India Limited,"25 KVA GED Generating Set, Qty = 20 Nos",https://www.oil-india.com/tender-details/124?in_detail=NmtDM3ZBPT0=,,archived_tender,individual_material,Rule 6: Material Lexicon / Technical Specification Pattern,stratum:standard_record,,,
M002681,Oil India Limited,500 TON SPLICING MACHINE FOR WIRE ROPE INCLUDING CUTTER,https://www.oil-india.com/tender-details/124?in_detail=NlU2MXRRPT0=,,archived_tender,individual_material,Rule 6: Material Lexicon / Technical Specification Pattern,stratum:standard_record,,,
M014975,Oil India Limited,"Recertification of Integrated Management System under standards ISO 9001 2015, ISO 14001 2015 and ISO 45001 2018",https://www.oil-india.com/old-tender?page=607&op=,,historical_tender,individual_material,Rule 6: Material Lexicon / Technical Specification Pattern,boundary:engineering_standard,,,
M008400,Oil India Limited,"Comprehensive Annual Maintenance of various window and split air conditioners installed at various premises of Oil India Limited, Noida",https://www.oil-india.com/old-tender?page=971&op=,,historical_tender,individual_material,Rule 6: Material Lexicon / Technical Specification Pattern,stratum:standard_record,,,
M021392,Oil India Limited,Tube Furnace,https://www.oil-india.com/tender-details/124?in_detail=NmtPMnZRPT0=,https://www.oil-india.com/download-tender-document?ten_detail=NmtPMnZTSEw2RXFyMmdHdQ%3D%3D,tender_detail,individual_material,Rule 6: Material Lexicon / Technical Specification Pattern,boundary:short_or_numeric,,,
M017668,Oil India Limited,12 V 100 AH SMF Battery,https://www.oil-india.com/tender-details/124?in_detail=NlVTeHRBPT0=,https://www.oil-india.com/download-tender-document?ten_detail=NlVTeHRDSEw2RXFyMmdHdQ%3D%3D,tender_detail,individual_material,Rule 6: Material Lexicon / Technical Specification Pattern,stratum:standard_record,,,
M021073,Oil India Limited,Supply of 22 mm & 16 mm Round Steel Wire Ropes and their installation in 50 MT EOT Crane,https://www.oil-india.com/tender-details/124?in_detail=NlU2K3ZBPT0=,https://www.oil-india.com/download-tender-document?ten_detail=NlU2K3ZDSEw2RXFyMmdHdQ%3D%3D,tender_detail,individual_material,Rule 5: Recognized Item Type Hint,stratum:standard_record,,,
M005770,Oil India Limited,Spares for Air Compressor,https://www.oil-india.com/tender-details/65?in_detail=NmthMnRRPT0=,,archived_tender,individual_material,Rule 5: Recognized Item Type Hint,stratum:standard_record,,,
M012133,Oil India Limited,"Hiring services for Comprehensive Annual Maintenance of 03 No. of 2 11 TR Capacity, Blue Star Make Model DSA1321R2 OA Air Cooled Packaged Air Conditioners at Duliajan Power Station",https://www.oil-india.com/old-tender?page=591&op=,,historical_tender,service_or_works,Rule 3: Service / Works / Maintenance / Hiring Contract,stratum:standard_record,,,
M010857,Oil India Limited,"HIRING THE SERVICES OF 11 (ELEVEN) NOS. OF UNSKILLED WCL (LISTED) FOR PS3 STATION & TANK FARM OPERATION, WATCH & WARD IN REPEATER STATIONS AND OTHER MISCELLANEOUS WORKS AT PS3-JORHAT & REPEATER STATIONS FOR A PERIOD OF 03 (THREE) YEARS AND EXTENDABLE BY 01 (ONE) YEAR” UNDER OPERATION SECTION, PS-3, JORHAT, ASSAM",https://www.oil-india.com/old-tender?page=766&op=,,historical_tender,service_or_works,Rule 3: Service / Works / Maintenance / Hiring Contract,stratum:standard_record,,,
M014610,Oil India Limited,"Providing Civil misc. maintenance jobs for repairing masonary works at PS-8, Sonapur",https://www.oil-india.com/old-tender?page=612&op=,,historical_tender,service_or_works,Rule 3: Service / Works / Maintenance / Hiring Contract,stratum:standard_record,,,
M018799,Oil India Limited,"HIRING OF 1 (ONE) NO. BRAND NEW MARUTI SUZUKI CIAZ (DELTA 1.5 MT) PETROL DRIVEN VEHICLE FOR PLYING AT ADMIN SECTION, PHQ., NARENGI FOR A PERIOD OF 4 (FOUR) YEARS",https://www.oil-india.com/tender-details/63?in_detail=Nmtld3V3PT0=,https://www.oil-india.com/download-tender-document?ten_detail=Nmtld3V5SEw2RXFyM1FBPQ%3D%3D,tender_detail,service_or_works,Rule 3: Service / Works / Maintenance / Hiring Contract,stratum:standard_record,,,
M008062,Oil India Limited,"CONSULTANCY SERVICE FOR WELL DRILLING PROJECT MANAGEMENT, SUPERVISION & MONITORING SERVICES",https://www.oil-india.com/old-tender?page=665&op=,,historical_tender,service_or_works,Rule 3: Service / Works / Maintenance / Hiring Contract,stratum:standard_record,,,
M015090,Oil India Limited,"Repairing 500.00m long existing gravelled road, construction of plinth, road over plinth, effluent pits",https://www.oil-india.com/old-tender?page=956&op=,,historical_tender,service_or_works,Rule 3: Service / Works / Maintenance / Hiring Contract,stratum:standard_record,,,
M018963,Oil India Limited,"HYDR. STRETCH TEST OF CO2 CYL, CAP.2KG, HYDR. STRETCH TEST OF CO2 CYL, CAP4.5KG, HYDR.STRETCH TEST OF CO2 CYL,CAP 6.5 KG,CO2 CYLINDER REFILLING, CAPACITY 2KG,CO2 CYLINDER REFILLING,CAPACITY4.5KG,CO2 CYLINDER REFILLING ,CAPACITY6.5KG,PAINTING OF CO2 CYLINDERS ,CAPACITY 2KG, PAINTING OF CO2 CYLINDERS ,CAPACITY 4.5 KG, PAINTING OF CO2 CYLINDERS ,CAPACITY 6.5KG,VALVE, CO2 FIRE EXTINGUISHER",https://www.oil-india.com/tender-details/124?in_detail=N0VPKw==,https://www.oil-india.com/download-tender-document?ten_detail=N0VPK29HaksrUk8zMlFjPQ%3D%3D,tender_detail,service_or_works,Rule 3: Service / Works / Maintenance / Hiring Contract,stratum:standard_record,,,
M019047,Oil India Limited,"Hiring Services for providing suitable Manpower in Highly Skilled / Skilled / Semi Skilled / Unskilled Categories for Office Jobs in KG Basin Project Office, Kakinada for a period of 2 (Two) years",https://www.oil-india.com/tender-details/124?in_detail=N1VPeg==,https://www.oil-india.com/download-tender-document?ten_detail=N1VPem9HaksrUk8zMlFjPQ%3D%3D,tender_detail,service_or_works,Rule 3: Service / Works / Maintenance / Hiring Contract,stratum:standard_record,,,
M019985,Oil India Limited,"MISCELLANEOUS MAINTENANCE CONTRACT FOR CIVIL ENGINEERING WORKS AT OIL INDIA LIMITED, DULIAJAN (2025-2029)",https://www.oil-india.com/tender-details/65?in_detail=NmtlMXRRPT0=,https://www.oil-india.com/download-tender-document?ten_detail=NmtlMXRTSEw2RXFyM1FZPQ%3D%3D,tender_detail,service_or_works,Rule 3: Service / Works / Maintenance / Hiring Contract,stratum:standard_record,,,
M010759,Oil India Limited,"HIRING SERVICES FOR ARCHITECTURAL, DESIGN, ESTIMATION & SUPERVISION CONSULTANCY FOR CONSTRUCTION OF NURSING SCHOOL AND NURSING HOSTEL AT DULIAJAN",https://www.oil-india.com/old-tender?page=507&op=,,historical_tender,service_or_works,Rule 3: Service / Works / Maintenance / Hiring Contract,stratum:standard_record,,,
M012042,Oil India Limited,Hiring of services for “Laying and Maintenance Contract of Optical Fiber Cable and UTP Cable in and around Duliajan”,https://www.oil-india.com/old-tender?page=513&op=,,historical_tender,service_or_works,Rule 3: Service / Works / Maintenance / Hiring Contract,boundary:amc_or_maintenance_of_equipment,,,
M004198,Oil India Limited,"Hiring of service for Repair, Remanufacture and Recertification of NOV RAM BOPS and Annular BOPS",https://www.oil-india.com/tender-details/124?in_detail=NkVJPQ==,,archived_tender,service_or_works,Rule 3: Service / Works / Maintenance / Hiring Contract,stratum:standard_record,,,
M011426,Oil India Limited,Hiring of Electrical Services for carrying out the Close Interval Potential Logging (CIPL) Survey of Naharkatiya Barauni Crude Oil Pipeline & Numaligarh Siliguri Product Pipeline of Oil India Limited in the State of West Bengal & Bihar for Two Years with One Year extension provision,https://www.oil-india.com/old-tender,,historical_tender,service_or_works,Rule 3: Service / Works / Maintenance / Hiring Contract,stratum:standard_record,,,
M018814,Oil India Limited,HIRING OF CUSTOM HANDLING AGENT FOR A PERIOD OF (ONE) 01 YEAR TO CARRY OUT VARIOUS ACTIVITIES RELATED TO CUSTOM CLEARANCE AND FREIGHT TRANSPORTATION OF OIL GABON PROJECT,https://www.oil-india.com/tender-details/63?in_detail=NmtXd3V3PT0=,https://www.oil-india.com/download-tender-document?ten_detail=NmtXd3V5SEw2RXFyM1FBPQ%3D%3D,tender_detail,service_or_works,Rule 3: Service / Works / Maintenance / Hiring Contract,stratum:standard_record,,,
M013892,Oil India Limited,"Operation and Maintenance of Heating, Ventilation and Air Conditioning (HVAC) systems at OIL House, Plot No. 19, Sector – 16A, NOIDA",https://www.oil-india.com/old-tender?page=888&op=,,historical_tender,service_or_works,Rule 3: Service / Works / Maintenance / Hiring Contract,stratum:standard_record,,,
M012861,Oil India Limited,Hiring the services of upkeepment of Executives and Staff Guest Houses,https://www.oil-india.com/old-tender?page=1062&op=,,historical_tender,service_or_works,Rule 3: Service / Works / Maintenance / Hiring Contract,stratum:standard_record,,,
M003893,Oil India Limited,"Hiring Mud and Chemical Handling Services at Drilling Wells, Workover Wells as well as Mud Plants in OIL's operational areas, along with provision of PPE kit by the contractor on reimbursement basis for a period of 04(four) years",https://www.oil-india.com/tender-details/124?in_detail=NlU2MXVBPT0=,,archived_tender,service_or_works,Rule 3: Service / Works / Maintenance / Hiring Contract,stratum:standard_record,,,
M003264,Oil India Limited,"Construction/repairing of Approach road, repairing of Plinth and construction of CC/ RCC foundation to suit DM-5 rig for cluster plinth of any Location in Tengakhat & Chabua area or any area under Central field-West in Dibrugarh District, including supply of all materials except cement and Bitumen drum sheets",https://www.oil-india.com/tender-details/65?in_detail=NkVTM3V3PT0=,,archived_tender,service_or_works,Rule 3: Service / Works / Maintenance / Hiring Contract,stratum:standard_record,,,
M003198,Oil India Limited,"Construction of View Cutters behind Quarter No. D plus 4 to D plus 6 & D plus 8 to D plus 11 at PS 3, Jorhat including supply of all materials",https://www.oil-india.com/tender-details/65?in_detail=NmtXLw==,,archived_tender,service_or_works,Rule 3: Service / Works / Maintenance / Hiring Contract,stratum:standard_record,,,
M004264,Oil India Limited,Hiring of services for Temporary Electrical work in Company's premises (Domestic and Industrial),https://www.oil-india.com/tender-details/124?in_detail=NkVHL3Z3PT0=,,archived_tender,service_or_works,Rule 3: Service / Works / Maintenance / Hiring Contract,stratum:standard_record,,,
M021477,Oil India Limited,"Well service pump (Kill pump package), Qty = 2 Nos",https://www.oil-india.com/tender-details/124?in_detail=NlVTeHZRPT0=,https://www.oil-india.com/download-tender-document?ten_detail=NlVTeHZTSEw2RXFyMmdHdQ%3D%3D,tender_detail,service_or_works,Rule 3: Service / Works / Maintenance / Hiring Contract,stratum:standard_record,,,
M004199,Oil India Limited,"Hiring of service for Supply, Installation and Commissioning of CCTV Surveillance System with Comprehensive Annual Maintenance consisting of Explosion Proof Cameras for outdoor & hazardous environment of Oil & Gas Sector for live viewing and recording",https://www.oil-india.com/tender-details/124?in_detail=NkVDM3ZRPT0=,,archived_tender,service_or_works,Rule 3: Service / Works / Maintenance / Hiring Contract,stratum:standard_record,,,
M003206,Oil India Limited,Construction of boundary fencing for quarters and bungalows at PS8 Sonapur,https://www.oil-india.com/tender-details/65?in_detail=NmtDenRRPT0=,,archived_tender,service_or_works,Rule 3: Service / Works / Maintenance / Hiring Contract,stratum:standard_record,,,
M013739,Oil India Limited,"Necessary repair and renovation work at Uttarayan Housing Complex (Tower No. 5 Flat No. 302, 702, 7O3, 705 and Tower No. 4 Flat No. 601 & 705) under Rangapani Terminal",https://www.oil-india.com/old-tender?page=460&op=,,historical_tender,service_or_works,Rule 3: Service / Works / Maintenance / Hiring Contract,stratum:standard_record,,,
M018894,Oil India Limited,"HIRING SERVICES OF MAKING FLEX PRINT & SIMILAR SIGNBOARDS, BANNERS, SIGNAGE AND PRINTED SIGNBOARDS AT PS5, GUWAHATI FOR A PERIOD OF 02 (TWO) YEARS WITH A PROVISION OF EXTENSION OF 01 (ONE) YEAR",https://www.oil-india.com/tender-details/124?in_detail=NkVLd3VRPT0=,https://www.oil-india.com/download-tender-document?ten_detail=NkVLd3VTSEw2RXFyMmdHdQ%3D%3D,tender_detail,service_or_works,Rule 3: Service / Works / Maintenance / Hiring Contract,stratum:standard_record,,,
M012538,Oil India Limited,"Hiring the services for writing Signboard, supplying Flex banner /hoarding etc, at PS5, Operation for a period of 2 (two) years",https://www.oil-india.com/old-tender?page=503&op=,,historical_tender,service_or_works,Rule 3: Service / Works / Maintenance / Hiring Contract,stratum:standard_record,,,
M008379,Oil India Limited,Compound Cleaning and Tree Trimming,https://www.oil-india.com/old-tender?page=1112&op=,,historical_tender,service_or_works,Rule 3: Service / Works / Maintenance / Hiring Contract,stratum:standard_record,,,
M014724,Oil India Limited,"Providing services of Work Contractual Labour(Listed) for miscellaneous jobs of Pump station (Operation) and services of Unskilled Work Contract Labours (Listed) forPS5/IP2/RS5/SV3/RS8/SV4/GRT(Guwahati Refinery Terminal)under PS5 (Operation)for upkeepment / to provide assistance in status monitoring/reporting, operation and maintenance jobs etc. for a period of four(4) years",https://www.oil-india.com/old-tender?page=502&op=,,historical_tender,service_or_works,Rule 3: Service / Works / Maintenance / Hiring Contract,stratum:standard_record,,,
M010577,Oil India Limited,HIRING OF BOWSERS (06 NOS) OF CAPACITY 12 KL (MINIMUM) EACH WITH BRAND NEW TRUCK CHASSIS,https://www.oil-india.com/old-tender?page=869&op=,,historical_tender,service_or_works,Rule 3: Service / Works / Maintenance / Hiring Contract,stratum:standard_record,,,
M008963,Oil India Limited,"Construction of first floor (Vertical extension) of ETDC Building at L&D Department, OIL, including internal electrification and supply of all materials except cement at Duliajan",https://www.oil-india.com/old-tender?page=1256&op=,,historical_tender,service_or_works,Rule 3: Service / Works / Maintenance / Hiring Contract,stratum:standard_record,,,
M003251,Oil India Limited,"Construction of two single-storey buildings with internal electrification at logistics crane maintenance workshops 1 and 2, including the supply of all materials except cement inside the industrial area at Duliajan. Contract Execution cost is Rs. 48,26,440.81 and Forest Royalty component is Rs.1,15,834.58",https://www.oil-india.com/tender-details/65?in_detail=NmtlM3ZBPT0=,,archived_tender,service_or_works,Rule 3: Service / Works / Maintenance / Hiring Contract,stratum:standard_record,,,
M010353,Oil India Limited,"GATE VALVE and THEIR SPARES, FLEX SEAL TYPE, WITH HAND WHEEL,FOR MUD SERVICE",https://www.oil-india.com/old-tender?page=560&op=,,historical_tender,service_or_works,Rule 3: Service / Works / Maintenance / Hiring Contract,stratum:standard_record,,,
M018192,Oil India Limited,Construction of 3300 m long dust free approach road to Loc. NMC with 150 mm thick WBM & 25 mm thick SDBC,https://www.oil-india.com/tender-details/65?in_detail=NmthMHVBPT0=,https://www.oil-india.com/download-tender-document?ten_detail=NmthMHVDSEw2RXFyM1FZPQ%3D%3D,tender_detail,service_or_works,Rule 3: Service / Works / Maintenance / Hiring Contract,stratum:standard_record,,,
M004170,Oil India Limited,"Hiring of consultancy services for Payroll and Social Tax Services, Annual Salary Declaration, Personal Income Tax etc",https://www.oil-india.com/tender-details/65?in_detail=NkVld3V3PT0=,,archived_tender,service_or_works,Rule 3: Service / Works / Maintenance / Hiring Contract,stratum:standard_record,,,
M015976,Oil India Limited,"Services for making signboards, Banners for PS1, PS11 & RS18 on as and when required basis for a period of (02) Two years",https://www.oil-india.com/old-tender?page=238&op=,,historical_tender,service_or_works,Rule 3: Service / Works / Maintenance / Hiring Contract,stratum:standard_record,,,
M012956,Oil India Limited,IMPRESSION BLOCK,https://www.oil-india.com/old-tender?page=599&op=,,historical_tender,unclassified_or_other,Rule 9: Residual / Unclassified,stratum:standard_record,,,
M021502,Oil India Limited,Workstation,https://www.oil-india.com/tender-details/124?in_detail=Nms2eXV3PT0=,https://www.oil-india.com/download-tender-document?ten_detail=Nms2eXV5SEw2RXFyMmdHdQ%3D%3D,tender_detail,unclassified_or_other,Rule 9: Residual / Unclassified,boundary:short_or_numeric,,,
M007208,Oil India Limited,Bids for AC Bunk House & Crew Cabin,https://www.oil-india.com/old-tender?page=993&op=,,historical_tender,unclassified_or_other,Rule 9: Residual / Unclassified,stratum:standard_record,,,
M018981,Oil India Limited,Heat Shrinkage FEP Tubes,https://www.oil-india.com/tender-details/124?in_detail=NmtHMXV3PT0=,https://www.oil-india.com/download-tender-document?ten_detail=NmtHMXV5SEw2RXFyMmdHdQ%3D%3D,tender_detail,unclassified_or_other,Rule 9: Residual / Unclassified,stratum:standard_record,,,
M003436,Oil India Limited,"EPCOM of 300TPD of Segregated MSW based Compressed Biogas plant for Commercial use at Bhubaneswar, Odisha on Domestic Competitive Bidding Basis",https://www.oil-india.com/tender-details/63?in_detail=NmtLMXVnPT0=,,archived_tender,unclassified_or_other,Rule 9: Residual / Unclassified,stratum:standard_record,,,
M020606,Oil India Limited,Restoration of soil erosion at ROW by earth filling boulder sausage bamboo piling and soil filled gunny bags at PLKM 847 848,https://www.oil-india.com/tender-details/63?in_detail=N1VBPQ==,https://www.oil-india.com/download-tender-document?ten_detail=N1VDcjZXbmJvQWkx,tender_detail,unclassified_or_other,Rule 9: Residual / Unclassified,stratum:standard_record,,,
M008337,Oil India Limited,"Civil and other miscellaneous maintenance works involving plumbing, carpentry, masonry etc. including supply of all materials in the company's owned / hired Installations / buildings in the districts of Uttar Pradesh and New Delhi for a period of 2(two) years with a provision of another one-year extension at the same rate, terms & conditions",https://www.oil-india.com/old-tender?page=175&op=,,historical_tender,unclassified_or_other,Rule 9: Residual / Unclassified,stratum:standard_record,,,
M014667,Oil India Limited,"Providing civil miscellaneous maintenance for necessary painting jobs at PS-8, Sonapur",https://www.oil-india.com/old-tender?page=99&op=,,historical_tender,unclassified_or_other,Rule 9: Residual / Unclassified,stratum:standard_record,,,
M005417,Oil India Limited,"Retarfelting works at Quarters, Bunglows, Employees Guest House and E&C Office at PS-3, Jorhat including supply of all materials except Bitumen & Tarfelt",https://www.oil-india.com/tender-details/65?in_detail=NlVHeHVBPT0=,,archived_tender,unclassified_or_other,Rule 9: Residual / Unclassified,stratum:standard_record,,,
M005447,Oil India Limited,"Rock Bit, Size : 4.1/8""",https://www.oil-india.com/tender-details/65?in_detail=NmtlenZRPT0=,,archived_tender,unclassified_or_other,Rule 9: Residual / Unclassified,stratum:standard_record,,,
M014274,Oil India Limited,Permanently Lubricated High Density Polyethylene (PLB HDPE) duct,https://www.oil-india.com/old-tender?page=668&op=,,historical_tender,unclassified_or_other,Rule 9: Residual / Unclassified,stratum:standard_record,,,
M010264,Oil India Limited,Flow cum pressure recorder. Qty: 39 nos,https://www.oil-india.com/old-tender?page=1147&op=,,historical_tender,unclassified_or_other,Rule 9: Residual / Unclassified,stratum:standard_record,,,
M006459,Oil India Limited,2.3/8” DOWNHOLE SAND SCREEN,https://www.oil-india.com/old-tender?page=344&op=,,historical_tender,unclassified_or_other,Rule 9: Residual / Unclassified,stratum:standard_record,,,
M007013,Oil India Limited,Appointment of Cost Auditor for FY 2020-21,https://www.oil-india.com/old-tender?page=517&op=,,historical_tender,unclassified_or_other,Rule 9: Residual / Unclassified,stratum:standard_record,,,
M020876,Oil India Limited,"SUPPLY, INSTALLATION, TESTING AND COMMISSIONING OF ELECTRICAL GEYSERS ALONG WITH ELECTRICAL WIRING",https://www.oil-india.com/tender-details/124?in_detail=NkVLKw==,https://www.oil-india.com/download-tender-document?ten_detail=NkVLK29HaksrUk8zMlFjPQ%3D%3D,tender_detail,unclassified_or_other,Rule 9: Residual / Unclassified,stratum:standard_record,,,
M017969,Oil India Limited,CAUSTIC SODA,https://www.oil-india.com/tender-details/124?in_detail=NlVLeg==,https://www.oil-india.com/download-tender-document?ten_detail=NlVLem9HaksrUk8zMlFjPQ%3D%3D,tender_detail,unclassified_or_other,Rule 9: Residual / Unclassified,boundary:short_or_numeric,,,
M002717,Oil India Limited,A4 Monochrome Laser MFP,https://www.oil-india.com/tender-details/124?in_detail=NkVHK3ZBPT0=,,archived_tender,unclassified_or_other,Rule 9: Residual / Unclassified,stratum:standard_record,,,
M013017,Oil India Limited,Improvement of Existing Gravel and Earthen Village Road to Bituminous road of Laina Gaon from Dhulujan Bituminous Road to Nagajan OCS Road,https://www.oil-india.com/old-tender?page=860&op=,,historical_tender,unclassified_or_other,Rule 9: Residual / Unclassified,stratum:standard_record,,,
M006845,Oil India Limited,Acoustic Canopy,https://www.oil-india.com/old-tender?page=372&op=,,historical_tender,unclassified_or_other,Rule 9: Residual / Unclassified,stratum:standard_record,,,
M002813,Oil India Limited,BUNK HUT BUNK HUT,https://www.oil-india.com/tender-details/124?in_detail=NmtleHZ3PT0=,,archived_tender,unclassified_or_other,Rule 9: Residual / Unclassified,stratum:standard_record,,,
M002154,NTPC Limited,Procurement of SS Coal Burner Liners having Wear Resistant Coating/Material with Guaranteed life of 2 Years - NTPC Barh,https://ntpctender.ntpc.co.in/NITDetails/NITs/28937,,nit_brief_description,individual_material,Rule 6: Material Lexicon / Technical Specification Pattern,stratum:standard_record,,,
M001273,NTPC Limited,BULK PROCUREMENT OF CHP CONVEYOR BELTS FY 2025 to 26 PR3 UPTO 1400MM BELTS,https://ntpctender.ntpc.co.in/NITDetails/NITs/29144,,nit_brief_description,individual_material,Rule 5: Recognized Item Type Hint,stratum:standard_record,,,
M002398,NTPC Limited,"Supply, Erection and Commissioning of Latest Version VFD Drives for Pipe Conveyor at NTECL Vallur",https://ntpctender.ntpc.co.in/NITDetails/NITs/28817,,nit_brief_description,individual_material,Rule 5: Recognized Item Type Hint,stratum:standard_record,,,
M002166,NTPC Limited,Procurement of Spare for Microwave Digestion System at NETRA,https://ntpctender.ntpc.co.in/NITDetails/NITs/29582,,nit_brief_description,individual_material,Rule 5: Recognized Item Type Hint,stratum:standard_record,,,
M000778,NTPC Limited,150 MW or above capacity. These steam turbine and generator should have been in successful operation for a,,,doc_spec_sentence,individual_material,Rule 4a: Extracted Document Specification Sentence/String,stratum:standard_record,,,
M001040,NTPC Limited,"belt of width 2000 mm or higher and strength 800 kN/Mtr and above, to actual user(s) or",,,doc_spec_sentence,individual_material,Rule 4a: Extracted Document Specification Sentence/String,stratum:standard_record,,,
M001050,NTPC Limited,connected 6 MW floating solar PV project coupled with 6 MW /24 MWhr Battery,,,doc_spec_sentence,individual_material,Rule 4a: Extracted Document Specification Sentence/String,stratum:standard_record,,,
M001085,NTPC Limited,pipe shall be of 200 mm diameter. This is to ensure that the tank does not get unnecessarily pressurized. The,,,doc_spec_sentence,individual_material,Rule 4a: Extracted Document Specification Sentence/String,stratum:standard_record,,,
M000956,NTPC Limited,"Rewinding of 3 ph 2 HP motor , Rewinding of 3 ph 1 HP",,,doc_spec_sentence,individual_material,Rule 4a: Extracted Document Specification Sentence/String,stratum:standard_record,,,
M000881,NTPC Limited,"M1613517861_ PIPE, BLK, CS, FE410, 9.5MM, 508MM, 500MM ( 4000 meter )",,,doc_spec_sentence,individual_material,Rule 4a: Extracted Document Specification Sentence/String,stratum:standard_record,,,
M000882,NTPC Limited,"M1616254395-PIPE: IS1239-1 MEDIUM,GLV,ERW,PL,125MM",,,doc_spec_sentence,individual_material,Rule 4a: Extracted Document Specification Sentence/String,stratum:standard_record,,,
M002141,NTPC Limited,Procurement of Oil Free Screw Compressors for Instrument Air System & Transport Air System of DAES PP-2 Durgapur,https://ntpctender.ntpc.co.in/NITDetails/NITs/30096,,nit_brief_description,individual_material,Rule 5: Recognized Item Type Hint,stratum:standard_record,,,
M001423,NTPC Limited,Centralised Bulk Procurement of Sulphuric Acid for NTPC Stations,https://ntpctender.ntpc.co.in/NITDetails/NITs/29293,,nit_brief_description,individual_material,Rule 6: Material Lexicon / Technical Specification Pattern,stratum:standard_record,,,
M000992,NTPC Limited,TRANSFORMER BUSHING 3.6 KV 2000 A,,,doc_spec_sentence,individual_material,Rule 4a: Extracted Document Specification Sentence/String,stratum:standard_record,,,
M001096,NTPC Limited,system with strobe should be provided. A light Bar of min 1700mm long operated on 12/24 Volts battery,,,doc_spec_sentence,individual_material,Rule 4a: Extracted Document Specification Sentence/String,stratum:standard_record,,,
M002436,NTPC Limited,"Supply, Supervision of Installation, Commissioning & 3 Year CAMC of In Situ Flue Gas Analyser for CEMS at NTPC Kudgi",https://ntpctender.ntpc.co.in/NITDetails/NITs/29165,,nit_brief_description,individual_material,Rule 5: Recognized Item Type Hint,stratum:standard_record,,,
M002063,NTPC Limited,Procurement of 400KV RIP Bushing for ICT-2 Transformer at SSTPS,https://ntpctender.ntpc.co.in/NITDetails/NITs/29860,,nit_brief_description,individual_material,Rule 5: Recognized Item Type Hint,stratum:standard_record,,,
M002096,NTPC Limited,Procurement of Cast Basalt Pipes and Fittings for Ash Slurry Disposal Pipe Lines,https://ntpctender.ntpc.co.in/NITDetails/NITs/30088,,nit_brief_description,individual_material,Rule 5: Recognized Item Type Hint,stratum:standard_record,,,
M002555,NTPC Limited,"SUPPLY AND INSTALLATION OF WIND TURBINE GENERATORS (WTG) FOR ISTS CONNECTED WIND ENERGY PROJECT WITH NOMINAL CAPACITY OF 813 MW (271 WTG) IN BELLARY, KARNATAKA",https://ntpctender.ntpc.co.in/NITDetails/NITs/29708,,tender_title,individual_material,Rule 5: Recognized Item Type Hint,boundary:supply_and_installation,,,
M000855,NTPC Limited,"Evacuation system upto owner's 33 KV pooling switchgear , Cables, Communication",,,doc_spec_sentence,individual_material,Rule 4a: Extracted Document Specification Sentence/String,stratum:standard_record,,,
M001044,NTPC Limited,commissioning and Integration with Owner's 33 KV pooling switchgear. Extension of owner polling,,,doc_spec_sentence,individual_material,Rule 4a: Extracted Document Specification Sentence/String,stratum:standard_record,,,
M001342,NTPC Limited,Bulk Procurement (01) of 2T Battery Operated Truck,https://ntpctender.ntpc.co.in/NITDetails/NITs/29032,,nit_brief_description,individual_material,Rule 6: Material Lexicon / Technical Specification Pattern,stratum:standard_record,,,
M000939,NTPC Limited,Procurement of 400KV RIP bushing for ICT-2 Transformer at,,,doc_spec_sentence,individual_material,Rule 4a: Extracted Document Specification Sentence/String,stratum:standard_record,,,
M002127,NTPC Limited,"Procurement of Industrial Grade, Smps Based Technology, Float Cum Boost Charger for NTPC Vstpp Unit-11&12",https://ntpctender.ntpc.co.in/NITDetails/NITs/29359,,nit_brief_description,individual_material,Rule 7: Direct Supply / Procurement of Goods,stratum:standard_record,,,
M001848,NTPC Limited,"Integrated HAZOP Study of CTM Project, Green Chemical Department of NTPC Vindhyachal",https://ntpctender.ntpc.co.in/NITDetails/NITs/29510,,nit_brief_description,individual_material,Rule 5: Recognized Item Type Hint,stratum:standard_record,,,
M002374,NTPC Limited,Supply and Retrofitting of 400 kV SF6 Circuit Breakers at NTPC,https://ntpctender.ntpc.co.in/NITDetails/NITs/30141,,nit_brief_description,individual_material,Rule 6: Material Lexicon / Technical Specification Pattern,boundary:supply_and_installation,,,
M000769,NTPC Limited,10: M8595280375 LIGHTING ARRESTER: 400 KV: SA WITH POLYMER ( 30 the number pi,,,doc_spec_sentence,individual_material,Rule 4a: Extracted Document Specification Sentence/String,stratum:standard_record,,,
M002118,NTPC Limited,"Procurement of Grinding Balls & Grinding Rings for 8.5E10 Coal Mills Stage -1, NTPC Ramagundam",https://ntpctender.ntpc.co.in/NITDetails/NITs/30128,,nit_brief_description,individual_material,Rule 7: Direct Supply / Procurement of Goods,stratum:standard_record,,,
M000802,NTPC Limited,"3HP motor , SODIUM HYPOCHLORIDE , LIME , UREA , Alum ,",,,doc_spec_sentence,individual_material,Rule 4a: Extracted Document Specification Sentence/String,stratum:standard_record,,,
M001149,NTPC Limited,"SCIM,18.5KW,415V,4P,180M,B3,S1,F , MOTOR,EE",,,doc_spec_string,individual_material,Rule 4a: Extracted Document Specification Sentence/String,stratum:standard_record,,,
M002542,NTPC Limited,Procurement of Baffle Plate Assembly for Pipe Conveyor of CHP,https://ntpctender.ntpc.co.in/NITDetails/NITs/30225,,tender_title,individual_material,Rule 5: Recognized Item Type Hint,stratum:standard_record,,,
M000886,NTPC Limited,"M2430715563: ELECTRODE-HARD FCNG, TUBULR, 6.3X350-450MM ( 300 kilogram )",,,doc_spec_sentence,individual_material,Rule 4a: Extracted Document Specification Sentence/String,stratum:standard_record,,,
M002315,NTPC Limited,SUPPLY OF SOLAR PV MODULES FOR 1200MW SOLAR PV PROJECTS AT NTPC REL KHAVDA RE PARK-SOUTH BLOCK IN RANN OF KUTCH GUJARAT,https://ntpctender.ntpc.co.in/NITDetails/NITs/28948,,nit_brief_description,individual_material,Rule 7: Direct Supply / Procurement of Goods,stratum:standard_record,,,
M000983,NTPC Limited,TRANSFORMER BUSHING 1.1 KV LV,,,doc_spec_sentence,individual_material,Rule 4a: Extracted Document Specification Sentence/String,stratum:standard_record,,,
M000952,NTPC Limited,Rewinding Of 3 Ph 2HP Motor,,,doc_spec_sentence,individual_material,Rule 4a: Extracted Document Specification Sentence/String,stratum:standard_record,,,
M001444,NTPC Limited,Coal Transportation from Pakri Mines to NKSTPP,https://ntpctender.ntpc.co.in/NITDetails/NITs/29745,,nit_brief_description,service_or_works,Rule 3: Service / Works / Maintenance / Hiring Contract,stratum:standard_record,,,
M001915,NTPC Limited,Maintenance/Overhauling of Electro Static Precipitator (ESP) and its Associated Auxiliaries of Thermal Power Plant,https://ntpctender.ntpc.co.in/NITDetails/NITs/29688,,nit_brief_description,service_or_works,Rule 3: Service / Works / Maintenance / Hiring Contract,stratum:standard_record,,,
M001819,NTPC Limited,Hiring of Portable DM Plant (Capacity 1000 m3/day) at NTPC Barh for One Year,https://ntpctender.ntpc.co.in/NITDetails/NITs/28889,,nit_brief_description,service_or_works,Rule 3: Service / Works / Maintenance / Hiring Contract,stratum:standard_record,,,
M001286,NTPC Limited,Balance Work of Construction of Toe Drain with Collection Sump for MDB,https://ntpctender.ntpc.co.in/NITDetails/NITs/29818,,nit_brief_description,service_or_works,Rule 3: Service / Works / Maintenance / Hiring Contract,stratum:standard_record,,,
M001322,NTPC Limited,"Biennial Maintenance Contract for MGR Priority Line Kotarlia to LARA, Inplant Yard and R&D Yard",https://ntpctender.ntpc.co.in/NITDetails/NITs/30084,,nit_brief_description,service_or_works,Rule 3: Service / Works / Maintenance / Hiring Contract,stratum:standard_record,,,
M002344,NTPC Limited,Strengthening and Repair Works of Powerhouse at Tapovan Vishnugad Hydro Power Project LOCATED AT NTPC Tapovan Vishnugard Hydro Power Project,https://ntpctender.ntpc.co.in/NITDetails/NITs/29586,,nit_brief_description,service_or_works,Rule 3: Service / Works / Maintenance / Hiring Contract,stratum:standard_record,,,
M001323,NTPC Limited,"Biennial Maintenance Contract for MMD, NTPC KAWAS (Year 2026-28)",https://ntpctender.ntpc.co.in/NITDetails/NITs/29920,,nit_brief_description,service_or_works,Rule 3: Service / Works / Maintenance / Hiring Contract,stratum:standard_record,,,
M001500,NTPC Limited,Contract for Efficiency Testing (Pre and Post Overhaul) in WR Regions NTPC Stations for 02 Years,https://ntpctender.ntpc.co.in/NITDetails/NITs/29459,,nit_brief_description,service_or_works,Rule 3: Service / Works / Maintenance / Hiring Contract,stratum:standard_record,,,
M001493,NTPC Limited,Consultancy Contract for Opportunity Assessment Due Diligence of Overseas Uranium Assets,https://ntpctender.ntpc.co.in/NITDetails/NITs/29726,,nit_brief_description,service_or_works,Rule 3: Service / Works / Maintenance / Hiring Contract,stratum:standard_record,,,
M002405,NTPC Limited,"Supply, Erection, Testing and Commissioning including Freight and Insurance Service of Modified Intake Water Piping System of North Karanpura (3x660MW)",https://ntpctender.ntpc.co.in/NITDetails/NITs/29608,,nit_brief_description,service_or_works,Rule 3: Service / Works / Maintenance / Hiring Contract,stratum:standard_record,,,
M000911,NTPC Limited,Overhauling of drive turbine of TDBFP for 490 MW power generation units or,,,doc_spec_sentence,service_or_works,Rule 3: Service / Works / Maintenance / Hiring Contract,stratum:standard_record,,,
M002518,NTPC Limited,Enlistment of Vendors for IT Services Development & Maintenance of Web / Mobile based Applications (Category-I),https://ntpctender.ntpc.co.in/NITDetails/NITs/30213,,tender_title,service_or_works,Rule 3: Service / Works / Maintenance / Hiring Contract,stratum:standard_record,,,
M001402,NTPC Limited,"CONSTRUCTION OF RCC DRAINS ON COST RECOVERY BASIS FOR TG BUILDING FRONT SIDE TRANSFORMER YARD, FIREWATER PUMP HOUSE AREA TO ASH SLURRY PUMP HOUSE, ESP BUILDING TO EXISTING DRAIN NEAR BOUNDARY WALL, AREAS OF PP-III",https://ntpctender.ntpc.co.in/NITDetails/NITs/29321,,nit_brief_description,service_or_works,Rule 3: Service / Works / Maintenance / Hiring Contract,stratum:standard_record,,,
M001320,NTPC Limited,Biennial Maintenance Contract for C & I Systems of Stage-III and IV and V with FGD and Other Areas at NTPC Vindhyachal,https://ntpctender.ntpc.co.in/NITDetails/NITs/29303,,nit_brief_description,service_or_works,Rule 3: Service / Works / Maintenance / Hiring Contract,stratum:standard_record,,,
M002447,NTPC Limited,TRANSPORTATION OF COAL FROM MAGADH MINES OF CCL TO NTPC NORTH KARANPURA SUPER THERMAL POWER PROJECT,https://ntpctender.ntpc.co.in/NITDetails/NITs/29008,,nit_brief_description,service_or_works,Rule 3: Service / Works / Maintenance / Hiring Contract,stratum:standard_record,,,
M001544,NTPC Limited,"Deployment of Various Machinery for Maintenance of Ash dyke including Monsoon Period at Dhanras Ash Dyke, NTPC Korba for 12 Months (2026-27)",https://ntpctender.ntpc.co.in/NITDetails/NITs/29707,,nit_brief_description,service_or_works,Rule 3: Service / Works / Maintenance / Hiring Contract,stratum:standard_record,,,
M001228,NTPC Limited,Augmentation of Dry Fly Ash Transportation System at Barauni TPS Stage-II (2x250MW),https://ntpctender.ntpc.co.in/NITDetails/NITs/29979,,nit_brief_description,service_or_works,Rule 3: Service / Works / Maintenance / Hiring Contract,stratum:standard_record,,,
M001905,NTPC Limited,"Maintenance / Overhauling Contract of Fans (ID/ FD/ PA), Rotary Air-Preheater, Ducts and HP Jet Cleaning of APH Baskets",https://ntpctender.ntpc.co.in/NITDetails/NITs/29560,,nit_brief_description,service_or_works,Rule 3: Service / Works / Maintenance / Hiring Contract,stratum:standard_record,,,
M001929,NTPC Limited,Migration and Deployment of EMG Application & Data on New Cloud Server,https://ntpctender.ntpc.co.in/NITDetails/NITs/29816,,nit_brief_description,service_or_works,Rule 3: Service / Works / Maintenance / Hiring Contract,stratum:standard_record,,,
M001731,NTPC Limited,FMS Support Services for NTPC PRADIP System for a Period of 7 Years,https://ntpctender.ntpc.co.in/NITDetails/NITs/29142,,nit_brief_description,service_or_works,Rule 3: Service / Works / Maintenance / Hiring Contract,stratum:standard_record,,,
M001187,NTPC Limited,AMC for Inductively Coupled Plasma Mass Spectrophotometer at NTPC Netra,https://ntpctender.ntpc.co.in/NITDetails/NITs/29758,,nit_brief_description,service_or_works,Rule 3: Service / Works / Maintenance / Hiring Contract,stratum:standard_record,,,
M001842,NTPC Limited,In Situ Major repair of HP valves (Including 100% removal of stellite coating of valve seat and rebuild up by welding with 100% blue matching),https://ntpctender.ntpc.co.in/NITDetails/NITs/29805,,nit_brief_description,service_or_works,Rule 3: Service / Works / Maintenance / Hiring Contract,stratum:standard_record,,,
M002244,NTPC Limited,Renewal of Annual Maintenance Contract (AMC) for ANSYS Software Suite at NTPC NETRA,https://ntpctender.ntpc.co.in/NITDetails/NITs/29243,,nit_brief_description,service_or_works,Rule 3: Service / Works / Maintenance / Hiring Contract,stratum:standard_record,,,
M000723,NTPC Limited,CONSTRUCTION OF ACCESS OR,,,doc_brief_description,service_or_works,Rule 3: Service / Works / Maintenance / Hiring Contract,stratum:standard_record,,,
M001416,NTPC Limited,Capital Overhauling/Overhauling of Steam Turbines of rated capacity 600 MW or below of barrel type/ stationery blades fitted directly into casing,https://ntpctender.ntpc.co.in/NITDetails/NITs/29558,,nit_brief_description,service_or_works,Rule 3: Service / Works / Maintenance / Hiring Contract,stratum:standard_record,,,
M002192,NTPC Limited,Proposal for Annual Maintenance of Horticulture Work at NTPC Tanda,https://ntpctender.ntpc.co.in/NITDetails/NITs/29300,,nit_brief_description,broad_tender_title,Rule 8: Broad Tender Title / Brief Description,stratum:standard_record,,,
M001957,NTPC Limited,Off Site Mechanical Mtc Cat-II,https://ntpctender.ntpc.co.in/NITDetails/NITs/29415,,nit_brief_description,broad_tender_title,Rule 8: Broad Tender Title / Brief Description,stratum:standard_record,,,
M002476,NTPC Limited,Vendor Enlistment for Material Mix up (Dissimilar metal checking) checking & other NDT works for TG area,https://ntpctender.ntpc.co.in/NITDetails/NITs/28919,,nit_brief_description,broad_tender_title,Rule 8: Broad Tender Title / Brief Description,stratum:standard_record,,,
M002417,NTPC Limited,"Supply, Installation and Commissioning of Security Surveillance System (CCTV) in NTPC Kudgi Township",https://ntpctender.ntpc.co.in/NITDetails/NITs/29748,,nit_brief_description,broad_tender_title,Rule 8: Broad Tender Title / Brief Description,stratum:standard_record,,,
M001303,NTPC Limited,Biennial Contract for Maintenance of CW Discharge Canal at SSTPS (2026-2028),https://ntpctender.ntpc.co.in/NITDetails/NITs/30157,,nit_brief_description,broad_tender_title,Rule 8: Broad Tender Title / Brief Description,stratum:standard_record,,,
M002508,NTPC Limited,"DESIGN, ENGINEERING, SUPPLY, CONSTRUCTION, ERECTION AND INSTALLATION OF DUST CURTAIN ALONG BOUNDARY WALL IN STAGE-I AND II CHP AREA FGUTPP UNCHAHAR",https://ntpctender.ntpc.co.in/NITDetails/NITs/30202,,tender_title,broad_tender_title,Rule 8: Broad Tender Title / Brief Description,stratum:standard_record,,,
M001258,NTPC Limited,BMC for Horticulture Works in Plant at NCPS Dadri,https://ntpctender.ntpc.co.in/NITDetails/NITs/29489,,nit_brief_description,broad_tender_title,Rule 8: Broad Tender Title / Brief Description,stratum:standard_record,,,
M001526,NTPC Limited,"DPR, DE & PMC for Ddoubling of Track from Kotarlia to Lara Project and Augmentation of in-plant Rail Yard including OHE and Signalling & Telecommunication (S&T) Works For Lara STPP-II",https://ntpctender.ntpc.co.in/NITDetails/NITs/28856,,nit_brief_description,broad_tender_title,Rule 8: Broad Tender Title / Brief Description,stratum:standard_record,,,
M002524,NTPC Limited,FIRE FIGHTING HOSES,https://ntpctender.ntpc.co.in/NITDetails/NITs/30205,,tender_title,broad_tender_title,Rule 8: Broad Tender Title / Brief Description,stratum:standard_record,,,
M001932,NTPC Limited,NIT for Ash Handling System Package for Telangana STPP Stage-II (3x800MW),https://ntpctender.ntpc.co.in/NITDetails/NITs/29873,,nit_brief_description,broad_tender_title,Rule 8: Broad Tender Title / Brief Description,stratum:standard_record,,,
M000262,Indian Oil Corporation Limited,Lab Equipments - Grease Kettle – 2Kg and 5 Kg Automatic Penetrometer Drop point apparatus Wheel bearing leakage tester( variable RPM ),,data/raw/iocl/tenders/Future_Procurement_Plan25-26.pdf,procurement_plan_item,individual_material,Rule 4c: Procurement Plan Physical Material Item,stratum:standard_record,,,
M000612,Indian Oil Corporation Limited,Procurement of Igniter spares for 20-F-01 OF VGO HDT unit at IOCL Paradip Refinery,https://iocletenders.nic.in/nicgep/app?component=%24DirectLink_0&page=FrontEndAdvancedSearchResult&service=direct&session=T&sp=S5UdMsFMEhBlWV0I75%2BQJMA%3D%3D,,tender_title,individual_material,Rule 5: Recognized Item Type Hint,stratum:standard_record,,,
M000675,Indian Oil Corporation Limited,"TANKAGE CONTRUCTION WORKS FOR JHAPA TERMINAL, NEPAL",https://iocletenders.nic.in/nicgep/app?component=%24DirectLink_0&page=FrontEndAdvancedSearchResult&service=direct&session=T&sp=ScApFqJ1FmWb2jrLcGPS58w%3D%3D,,tender_title,individual_material,Rule 5: Recognized Item Type Hint,stratum:standard_record,,,
M000481,Indian Oil Corporation Limited,Ultrapure water dispenser,,data/raw/iocl/tenders/Future_Procurement_Plan25-26.pdf,procurement_plan_item,individual_material,Rule 4c: Procurement Plan Physical Material Item,stratum:standard_record,,,
M000368,Indian Oil Corporation Limited,Pipe (km),,data/raw/iocl/tenders/Future_Procurement_Plan25-26.pdf,procurement_plan_item,individual_material,Rule 4c: Procurement Plan Physical Material Item,boundary:short_or_numeric,,,
M000465,Indian Oil Corporation Limited,Tescom regulator spares,,data/raw/iocl/tenders/Future_Procurement_Plan25-26.pdf,procurement_plan_item,individual_material,Rule 4c: Procurement Plan Physical Material Item,stratum:standard_record,,,
M000416,Indian Oil Corporation Limited,Silver corrosion,,data/raw/iocl/tenders/Future_Procurement_Plan25-26.pdf,procurement_plan_item,individual_material,Rule 4c: Procurement Plan Physical Material Item,stratum:standard_record,,,
M000095,Indian Oil Corporation Limited,Bulk(Pipe/Fittings/Flanges/Valve),,data/raw/iocl/tenders/Future_Procurement_Plan25-26.pdf,procurement_plan_item,individual_material,Rule 4c: Procurement Plan Physical Material Item,stratum:standard_record,,,
M000425,Indian Oil Corporation Limited,Spares for fuel cell station,,data/raw/iocl/tenders/Future_Procurement_Plan25-26.pdf,procurement_plan_item,individual_material,Rule 4c: Procurement Plan Physical Material Item,stratum:standard_record,,,
M000079,Indian Oil Corporation Limited,Bale Film wrapper,,data/raw/iocl/tenders/Future_Procurement_Plan25-26.pdf,procurement_plan_item,individual_material,Rule 4c: Procurement Plan Physical Material Item,stratum:standard_record,,,
M000175,Indian Oil Corporation Limited,"F/F PUMP, Jockey pumps, water filling pumps(Nos)",,data/raw/iocl/tenders/Future_Procurement_Plan25-26.pdf,procurement_plan_item,individual_material,Rule 4c: Procurement Plan Physical Material Item,stratum:standard_record,,,
M000375,Indian Oil Corporation Limited,Pressure Regulators,,data/raw/iocl/tenders/Future_Procurement_Plan25-26.pdf,procurement_plan_item,individual_material,Rule 4c: Procurement Plan Physical Material Item,stratum:standard_record,,,
M000605,Indian Oil Corporation Limited,"Procurement of 22 Nos. Microphones in Halls (A, B,C,D and E) at IIPM against Buy Back of old 16 no of Microphones at IiPM Gurugram",https://iocletenders.nic.in/nicgep/app?component=%24DirectLink_0&page=FrontEndAdvancedSearchResult&service=direct&session=T&sp=SP7O8WRTuUkIEMY0R8DMNZQ%3D%3D,,tender_title,individual_material,Rule 7: Direct Supply / Procurement of Goods,stratum:standard_record,,,
M000374,Indian Oil Corporation Limited,Pressure / Temp Transmitters/Gauges in Nos,,data/raw/iocl/tenders/Future_Procurement_Plan25-26.pdf,procurement_plan_item,individual_material,Rule 4c: Procurement Plan Physical Material Item,stratum:standard_record,,,
M000280,Indian Oil Corporation Limited,Low temperature bath,,data/raw/iocl/tenders/Future_Procurement_Plan25-26.pdf,procurement_plan_item,individual_material,Rule 4c: Procurement Plan Physical Material Item,stratum:standard_record,,,
M000648,Indian Oil Corporation Limited,S/I/T/C of Transformer at Bamunigaon Daringabadi road Kandhamal,https://iocletenders.nic.in/nicgep/app?component=%24DirectLink_0&page=FrontEndAdvancedSearchResult&service=direct&session=T&sp=SFg%2Fpv3O8mFhKaf3xTwRPIQ%3D%3D,,tender_title,individual_material,Rule 5: Recognized Item Type Hint,stratum:standard_record,,,
M000199,Indian Oil Corporation Limited,Gasket fabrication machine for stack,,data/raw/iocl/tenders/Future_Procurement_Plan25-26.pdf,procurement_plan_item,individual_material,Rule 4c: Procurement Plan Physical Material Item,stratum:standard_record,,,
M000286,Indian Oil Corporation Limited,Mainline pumping Unit (Nos),,data/raw/iocl/tenders/Future_Procurement_Plan25-26.pdf,procurement_plan_item,individual_material,Rule 4c: Procurement Plan Physical Material Item,stratum:standard_record,,,
M000663,Indian Oil Corporation Limited,Spares for Compressor 92-K-12 of HGU-2,https://iocletenders.nic.in/nicgep/app?component=%24DirectLink_0&page=FrontEndAdvancedSearchResult&service=direct&session=T&sp=SRvAYP0fyb8y2eMD87%2F8pTg%3D%3D,,tender_title,individual_material,Rule 5: Recognized Item Type Hint,stratum:standard_record,,,
M000396,Indian Oil Corporation Limited,Rotary Tight Shut off Valve,,data/raw/iocl/tenders/Future_Procurement_Plan25-26.pdf,procurement_plan_item,individual_material,Rule 4c: Procurement Plan Physical Material Item,stratum:standard_record,,,
M000480,Indian Oil Corporation Limited,Ultra Low Temperature Systems,,data/raw/iocl/tenders/Future_Procurement_Plan25-26.pdf,procurement_plan_item,individual_material,Rule 4c: Procurement Plan Physical Material Item,stratum:standard_record,,,
M000177,Indian Oil Corporation Limited,FT-NIR Spectrometer,,data/raw/iocl/tenders/Future_Procurement_Plan25-26.pdf,procurement_plan_item,individual_material,Rule 4c: Procurement Plan Physical Material Item,stratum:standard_record,,,
M000238,Indian Oil Corporation Limited,Hydrotreating Catalyst for DHDT unit,,data/raw/iocl/tenders/Future_Procurement_Plan25-26.pdf,procurement_plan_item,individual_material,Rule 4c: Procurement Plan Physical Material Item,stratum:standard_record,,,
M000457,Indian Oil Corporation Limited,Synthetic base oil Poly alfa olefin 6 CST,,data/raw/iocl/tenders/Future_Procurement_Plan25-26.pdf,procurement_plan_item,individual_material,Rule 4c: Procurement Plan Physical Material Item,stratum:standard_record,,,
M000038,Indian Oil Corporation Limited,"AO1076 (Octadecyl β – (3,5-di- tert -butyl-4- hydroxy phenyl)- propionate",,data/raw/iocl/tenders/Future_Procurement_Plan25-26.pdf,procurement_plan_item,individual_material,Rule 4c: Procurement Plan Physical Material Item,stratum:standard_record,,,
M000035,Indian Oil Corporation Limited,AMC of Hydrogen Infrastructure,,data/raw/iocl/tenders/Future_Procurement_Plan25-26.pdf,procurement_plan_item,service_or_works,Rule 3: Service / Works / Maintenance / Hiring Contract,stratum:standard_record,,,
M000679,Indian Oil Corporation Limited,Tender for road transportation of bulk petroleum products by bottom loading tank trucks- MS HSD branded fuels ex Ahmednagar,https://iocletenders.nic.in/nicgep/app?component=%24DirectLink_0&page=FrontEndAdvancedSearchResult&service=direct&session=T&sp=SWkFCNBUs1iu4aO%2BkSIvbAQ%3D%3D,,tender_title,service_or_works,Rule 3: Service / Works / Maintenance / Hiring Contract,stratum:standard_record,,,
M000526,Indian Oil Corporation Limited,"CONSTRUCTION OF 1 Nos 16 M dia x 15 M HT ATF CR TANK 1 Nos 12M dia x15M HT SKO CR TANK WITH ASSOCIATEDIATED FACILITIES INCLUDING PIPELINE WORKS AND EXISTING 2 NO OF SKO TO ATF CONVERSION WORKS IN PETROLEUM STORAGE TERMINAL DEPOT ,DOIMUKH-ARUNACHAL",https://iocletenders.nic.in/nicgep/app?component=%24DirectLink_0&page=FrontEndAdvancedSearchResult&service=direct&session=T&sp=SN4fYih5eKy530AUfa%2F5Fqg%3D%3D,,tender_title,service_or_works,Rule 3: Service / Works / Maintenance / Hiring Contract,stratum:standard_record,,,
M000031,Indian Oil Corporation Limited,AMC for micro gas chromatograph,,data/raw/iocl/tenders/Future_Procurement_Plan25-26.pdf,procurement_plan_item,service_or_works,Rule 3: Service / Works / Maintenance / Hiring Contract,stratum:standard_record,,,
M000541,Indian Oil Corporation Limited,"Construction of Roads, drains and culverts at LPG BP, Mualkhang",https://iocletenders.nic.in/nicgep/app?component=%24DirectLink_0&page=FrontEndAdvancedSearchResult&service=direct&session=T&sp=SJ0w8n2rszALxHT4LhOj1AQ%3D%3D,,tender_title,service_or_works,Rule 3: Service / Works / Maintenance / Hiring Contract,stratum:standard_record,,,
M000720,Indian Oil Corporation Limited,Tender for road transportation of bulk petroleum products by bottom loading tank trucks- MS HSD branded fuels ex Ahmednagar Maharashtra,https://iocletenders.nic.in/nicgep/app?component=%24DirectLink_0&page=FrontEndAdvancedSearchResult&service=direct&session=T&sp=SWkFCNBUs1iu4aO%2BkSIvbAQ%3D%3D,,work_description,service_or_works,Rule 3: Service / Works / Maintenance / Hiring Contract,stratum:standard_record,,,
M000511,Indian Oil Corporation Limited,9000C26A88 Outline agreement towards consultancy services for Phase 1 and Phase 2 for upcoming IOCL projects,https://iocletenders.nic.in/nicgep/app?component=%24DirectLink_0&page=FrontEndAdvancedSearchResult&service=direct&session=T&sp=SEtnc8aKOCZfxJ7EzyJWo2w%3D%3D,,tender_title,service_or_works,Rule 3: Service / Works / Maintenance / Hiring Contract,stratum:standard_record,,,
M000547,Indian Oil Corporation Limited,Construction of new A site Retail Outlet Purathur,https://iocletenders.nic.in/nicgep/app?component=%24DirectLink_0&page=FrontEndAdvancedSearchResult&service=direct&session=T&sp=SvRv1IrAK04FTdgyBew8XjA%3D%3D,,tender_title,service_or_works,Rule 3: Service / Works / Maintenance / Hiring Contract,stratum:standard_record,,,
M000518,Indian Oil Corporation Limited,"ARC for Repair and Maintenance of cold Insulation in various units of PNC, Panipat",https://iocletenders.nic.in/nicgep/app?component=%24DirectLink_0&page=FrontEndAdvancedSearchResult&service=direct&session=T&sp=SupEqHus405%2BbjbN7FtdVNA%3D%3D,,tender_title,service_or_works,Rule 3: Service / Works / Maintenance / Hiring Contract,stratum:standard_record,,,
M000645,Indian Oil Corporation Limited,"Repair and provision of security grills, chain link fencing and colour-coated sheets at Barauni Refinery Township",https://iocletenders.nic.in/nicgep/app?component=%24DirectLink_0&page=FrontEndAdvancedSearchResult&service=direct&session=T&sp=S%2ByTBDm8nAlcYaXMXX21yrA%3D%3D,,tender_title,service_or_works,Rule 3: Service / Works / Maintenance / Hiring Contract,stratum:standard_record,,,
M000712,Indian Oil Corporation Limited,Rate Contract (Rs. 0 to 50.00 Lacs) for carrying out Capital / Revenue works upgradation / renovation / painting / M R works up to Rs. 50 Lakhs at IOC owned Residential Quarters / Guest House/ Transit Accommodation/Southern Regional Office building,https://iocletenders.nic.in/nicgep/app?component=%24DirectLink_0&page=FrontEndAdvancedSearchResult&service=direct&session=T&sp=SUpu5HHYLIc6%2FRPN4iOgyww%3D%3D,,work_description,unclassified_or_other,Rule 9: Residual / Unclassified,stratum:standard_record,,,
M000691,Indian Oil Corporation Limited,9400M26B18_Procurement of fully assembled and tested electronics for Caliper PIGs with Inertial Measurement Unit(IMU),https://iocletenders.nic.in/nicgep/app?component=%24DirectLink_0&page=FrontEndAdvancedSearchResult&service=direct&session=T&sp=SmVfws0%2F58dV7mL0O14uqdQ%3D%3D,,work_description,unclassified_or_other,Rule 9: Residual / Unclassified,stratum:standard_record,,,
M000702,Indian Oil Corporation Limited,"Manufacturing, procurement of materials and bought out components, assembly at shop, Inspection including inspection by TPIA, Testing at manufacturer works, packing, SUPPLY OF FASTENERS (LOT-2) details as per material requisition",https://iocletenders.nic.in/nicgep/app?component=%24DirectLink_0&page=FrontEndAdvancedSearchResult&service=direct&session=T&sp=SriGhomR8JQn9uBqdgii6Ww%3D%3D,,work_description,unclassified_or_other,Rule 9: Residual / Unclassified,stratum:standard_record,,,
M000688,Indian Oil Corporation Limited,"1. Procurement of BELTS against PR Nos. 3785388,3785389,3785390,3785391,3785392,3785393,3785394. 2. Procurement of BELTS against PR Nos. 3789356,3789357,3789358,3789359,3789360,3789361",https://iocletenders.nic.in/nicgep/app?component=%24DirectLink_0&page=FrontEndAdvancedSearchResult&service=direct&session=T&sp=S%2BRJqyR8%2FgJkXbw93r8tsfQ%3D%3D,,work_description,unclassified_or_other,Rule 9: Residual / Unclassified,stratum:standard_record,,,
M000713,Indian Oil Corporation Limited,Rate Contract for Maintenance of Office and Guest house of IOCL BGR at Six Mile Guwahati. Address of work location 167 Jayanagar Rd Jaya Nagar Khanapara Guwahati Assam 781022,https://iocletenders.nic.in/nicgep/app?component=%24DirectLink_0&page=FrontEndAdvancedSearchResult&service=direct&session=T&sp=Sg86i9d9Cu%2FsqCYTzJzvrYQ%3D%3D,,work_description,unclassified_or_other,Rule 9: Residual / Unclassified,stratum:standard_record,,,
M000641,Indian Oil Corporation Limited,Renovation of Staff Quarters at Gujarat Refinery Township IOCL Vadodara Phase 2,https://iocletenders.nic.in/nicgep/app?component=%24DirectLink_0&page=FrontEndAdvancedSearchResult&service=direct&session=T&sp=S0v10ITcox2XE6ULRi9qgUw%3D%3D,,tender_title,broad_tender_title,Rule 8: Broad Tender Title / Brief Description,stratum:standard_record,,,
M000674,Indian Oil Corporation Limited,"Supply, installation and commissioning of Open Air (Outdoor) Gym equipment at Haldia Refinery Township",https://iocletenders.nic.in/nicgep/app?component=%24DirectLink_0&page=FrontEndAdvancedSearchResult&service=direct&session=T&sp=SXAiqqOeKNCfqFMrI6MRgYA%3D%3D,,tender_title,broad_tender_title,Rule 8: Broad Tender Title / Brief Description,stratum:standard_record,,,
M000523,Indian Oil Corporation Limited,Balance Left Over Civil and Electrical Works for Development of New Conference Hall at IOCL Office Core2 Scope Complex New Delhi,https://iocletenders.nic.in/nicgep/app?component=%24DirectLink_0&page=FrontEndAdvancedSearchResult&service=direct&session=T&sp=ST8EJFqv6XnrE5SPVz%2F%2BkPA%3D%3D,,tender_title,broad_tender_title,Rule 8: Broad Tender Title / Brief Description,stratum:standard_record,,,
M000565,Indian Oil Corporation Limited,ELECTRICAL WORKS FOR OPERATION OF UPCOMING ATF FACILITIES AT BPI 1 AND BPI 2 DIST LEH LADAKH,https://iocletenders.nic.in/nicgep/app?component=%24DirectLink_0&page=FrontEndAdvancedSearchResult&service=direct&session=T&sp=STClK4U8%2B4mlK%2BJvno%2BZsgg%3D%3D,,tender_title,broad_tender_title,Rule 8: Broad Tender Title / Brief Description,stratum:standard_record,,,
M000636,Indian Oil Corporation Limited,Rate Contract for Procurement of Antioxidant (ANTAX/STURMAX) for PBR project at Panipat Refinery,https://iocletenders.nic.in/nicgep/app?component=%24DirectLink_0&page=FrontEndAdvancedSearchResult&service=direct&session=T&sp=Sa6OUfQWrexmJDbENvcHl%2FQ%3D%3D,,tender_title,broad_tender_title,Rule 8: Broad Tender Title / Brief Description,stratum:standard_record,,,
M003980,Oil India Limited,Hiring of Consultancy Services for CCTV Security Surveillance System for a period of 18 (Eighteen) months,https://www.oil-india.com/tender-details/124?in_detail=NDBHMw==,,archived_tender,service_or_works,Rule 3: Service / Works / Maintenance / Hiring Contract,stratum:standard_record,,,
M015573,Oil India Limited,SPARES FOR TRW MISSION CENTRIFUGAL PUMPS,https://www.oil-india.com/old-tender?page=557&op=,,historical_tender,individual_material,Rule 5: Recognized Item Type Hint,stratum:standard_record,,,
M003210,Oil India Limited,"Construction of boundary wall (approx.=640.00m length) with concertina fence including area illumination at Mud Disposal pit in the plinth well No: NHK#579, Jaipur, Assam",https://www.oil-india.com/tender-details/63?in_detail=N2tVPQ==,,archived_tender,service_or_works,Rule 3: Service / Works / Maintenance / Hiring Contract,stratum:standard_record,,,
M011903,Oil India Limited,Hiring of services for Internal Cleaning of gas transmission pipelines,https://www.oil-india.com/old-tender?page=1259&op=,,historical_tender,service_or_works,Rule 3: Service / Works / Maintenance / Hiring Contract,stratum:standard_record,,,
M009301,Oil India Limited,Corrigendum No. 03 against GeM Tender No. GEM/2023/B/4004851 dated 06/11/2023,https://www.oil-india.com/old-tender?page=13&op=,,historical_tender,administrative_notice,Rule 1: Administrative Notice / Corrigendum / EOI,boundary:administrative_notice,,,
M016674,Oil India Limited,"Supply, Installation & Commissioning of Workstation Computers with Visual Studio and SQL Server sof",https://www.oil-india.com/old-tender?page=355&op=,,historical_tender,individual_material,Rule 6: Material Lexicon / Technical Specification Pattern,stratum:standard_record,,,
M020240,Oil India Limited,Phenyle. Phenyle,https://www.oil-india.com/tender-details/124?in_detail=NzBlK3VBPT0=,https://www.oil-india.com/download-tender-document?ten_detail=NzBlK3VDSEw2RXFyMmdHdQ%3D%3D,tender_detail,unclassified_or_other,Rule 9: Residual / Unclassified,stratum:standard_record,,,
M011142,Oil India Limited,"Hiring Day -to-day Skilled Services for various jobs like collecting blood urine samples, dressing wounds, dispatching available medicines to patients as advice etc. for PS-3 Dispensary for a period of 2 (Two ) years extendable by 1(One) year under Medical Section, Oil India Limited, PS-3, Jorhat, Assam",https://www.oil-india.com/old-tender?page=530&op=,,historical_tender,service_or_works,Rule 3: Service / Works / Maintenance / Hiring Contract,stratum:standard_record,,,
M003596,Oil India Limited,Flanges Flanges,https://www.oil-india.com/tender-details/124?in_detail=NlVXMXVRPT0=,,archived_tender,individual_material,Rule 5: Recognized Item Type Hint,stratum:standard_record,,,
M002334,NTPC Limited,Setting up Permanent Store near Site for CTM Plant at NTPC VINDHYACHAL,https://ntpctender.ntpc.co.in/NITDetails/NITs/29719,,nit_brief_description,broad_tender_title,Rule 8: Broad Tender Title / Brief Description,stratum:standard_record,,,
M013121,Oil India Limited,"JUNGLE CUTTING AND CLEANING OUTSIDE OF INDUSTRIAL AND DOMESTIC AREA, AROUND HELIPAD AND CISF COMPLEX AT PS- 3, JORHAT",https://www.oil-india.com/old-tender?page=316&op=,,historical_tender,service_or_works,Rule 3: Service / Works / Maintenance / Hiring Contract,stratum:standard_record,,,
M006404,Oil India Limited,"127.00MM API Grade 'G' Drill Pipe. Qty: 10,000 Mtr",https://www.oil-india.com/old-tender?page=1081&op=,,historical_tender,individual_material,Rule 5: Recognized Item Type Hint,boundary:engineering_standard,,,
M020701,Oil India Limited,SOFT FURNISHING ITEMS,https://www.oil-india.com/tender-details/65?in_detail=NlVhd3ZnPT0=,https://www.oil-india.com/download-tender-document?ten_detail=NlVhd3ZpSEw2RXFyM1FZPQ%3D%3D,tender_detail,unclassified_or_other,Rule 9: Residual / Unclassified,stratum:standard_record,,,
M007761,Oil India Limited,Bids for the supply of Packer Inflatable,https://www.oil-india.com/old-tender?page=706&op=,,historical_tender,individual_material,Rule 6: Material Lexicon / Technical Specification Pattern,stratum:standard_record,,,
M006989,Oil India Limited,Annual Maintenance Contract for Maintenance of OFC under PS 4 Sekoni Telecom Sector,https://www.oil-india.com/old-tender?page=1109&op=,,historical_tender,service_or_works,Rule 3: Service / Works / Maintenance / Hiring Contract,stratum:standard_record,,,
M002561,NTPC Limited,"Supply, Installation and Commissioning of Online Vibration Monitoring Sensors on Rental basis for Predictive Maintenance of PAPH Motors at IGSTPP Jharli",https://ntpctender.ntpc.co.in/NITDetails/NITs/30193,,tender_title,individual_material,Rule 5: Recognized Item Type Hint,stratum:standard_record,,,
M006107,Oil India Limited,TOOLS TROLLEY,https://www.oil-india.com/tender-details/124?in_detail=NmtTMHZRPT0=,,archived_tender,unclassified_or_other,Rule 9: Residual / Unclassified,stratum:standard_record,,,
M008051,Oil India Limited,CONSTRUCTION OF STORM WATER DRAIN INSIDE SHALMARI OCS-I INCLUDING SUPPLY OF ALL MATERIALS EXCEPT CEMENT,https://www.oil-india.com/old-tender?page=967&op=,,historical_tender,service_or_works,Rule 3: Service / Works / Maintenance / Hiring Contract,stratum:standard_record,,,
M008528,Oil India Limited,"Construction of Approach road, Development of Plinth, road over plinth and Foundation for location HYA at Well No. NHK.596",https://www.oil-india.com/old-tender?page=968&op=,,historical_tender,service_or_works,Rule 3: Service / Works / Maintenance / Hiring Contract,stratum:standard_record,,,
M014613,Oil India Limited,Providing Fencing along Roadsides of Quarters at PHQ. Noonmati,https://www.oil-india.com/old-tender?page=935&op=,,historical_tender,unclassified_or_other,Rule 9: Residual / Unclassified,stratum:standard_record,,,
M001166,NTPC Limited,Renovation work at Core 4 Scope APTEL,,,doc_tender_title,broad_tender_title,Rule 8: Broad Tender Title / Brief Description,stratum:standard_record,,,
M017444,Oil India Limited,electronic bids for ELECTRONIC MARKER,https://www.oil-india.com/old-tender?page=563&op=,,historical_tender,unclassified_or_other,Rule 9: Residual / Unclassified,stratum:standard_record,,,
M006765,Oil India Limited,ANEASTHESIA WORKSTATION QTY 01 NO,https://www.oil-india.com/old-tender?page=526&op=,,historical_tender,unclassified_or_other,Rule 9: Residual / Unclassified,stratum:standard_record,,,
M012580,Oil India Limited,"Hiring the services of 1 (One) No. Mahindra Scorpio S4 Plus under Project Section, PHQ., Noonmati, Guwahati",https://www.oil-india.com/old-tender?page=886&op=,,historical_tender,service_or_works,Rule 3: Service / Works / Maintenance / Hiring Contract,stratum:standard_record,,,
M014347,Oil India Limited,Pour Point Apparatus. Qty:01 No,https://www.oil-india.com/old-tender?page=807&op=,,historical_tender,individual_material,Rule 6: Material Lexicon / Technical Specification Pattern,stratum:standard_record,,,
